-- MySQL dump 10.13  Distrib 5.6.24, for Win64 (x86_64)
--
-- Host: localhost    Database: course2
-- ------------------------------------------------------
-- Server version	5.6.24-log

/*!40101 SET @OLD_CHARACTER_SET_CLIENT=@@CHARACTER_SET_CLIENT */;
/*!40101 SET @OLD_CHARACTER_SET_RESULTS=@@CHARACTER_SET_RESULTS */;
/*!40101 SET @OLD_COLLATION_CONNECTION=@@COLLATION_CONNECTION */;
/*!40101 SET NAMES utf8 */;
/*!40103 SET @OLD_TIME_ZONE=@@TIME_ZONE */;
/*!40103 SET TIME_ZONE='+00:00' */;
/*!40014 SET @OLD_UNIQUE_CHECKS=@@UNIQUE_CHECKS, UNIQUE_CHECKS=0 */;
/*!40014 SET @OLD_FOREIGN_KEY_CHECKS=@@FOREIGN_KEY_CHECKS, FOREIGN_KEY_CHECKS=0 */;
/*!40101 SET @OLD_SQL_MODE=@@SQL_MODE, SQL_MODE='NO_AUTO_VALUE_ON_ZERO' */;
/*!40111 SET @OLD_SQL_NOTES=@@SQL_NOTES, SQL_NOTES=0 */;

--
-- Table structure for table `firstcourse`
--

DROP TABLE IF EXISTS `firstcourse`;
/*!40101 SET @saved_cs_client     = @@character_set_client */;
/*!40101 SET character_set_client = utf8 */;
CREATE TABLE `firstcourse` (
  `id` int(11) NOT NULL AUTO_INCREMENT,
  `grade` int(11) DEFAULT NULL,
  `name` varchar(128) DEFAULT NULL,
  `shortname` varchar(32) DEFAULT NULL,
  `description` varchar(256) DEFAULT NULL,
  `isalive` tinyint(1) DEFAULT '1',
  PRIMARY KEY (`id`)
) ENGINE=InnoDB AUTO_INCREMENT=70 DEFAULT CHARSET=utf8;
/*!40101 SET character_set_client = @saved_cs_client */;

--
-- Dumping data for table `firstcourse`
--

LOCK TABLES `firstcourse` WRITE;
/*!40000 ALTER TABLE `firstcourse` DISABLE KEYS */;
INSERT INTO `firstcourse` VALUES (0,0,'unknown','','不能确定',1),(1,1,'词汇','',' ',1),(2,1,'听力','',' ',1),(3,1,'口语','',' ',1),(4,1,'阅读','',' ',1),(5,1,'写作','',' ',1),(6,1,'数学和逻辑','',' ',1),(7,1,'终模','',' ',1),(8,1,'冲刺','',' ',1),(9,1,'语法','',' ',1),(10,1,'班主任补课','',' ',1),(11,2,'词汇','',' ',1),(12,2,'听力','',' ',1),(13,2,'口语','',' ',1),(14,2,'阅读','',' ',1),(15,2,'写作','',' ',1),(16,2,'数学和逻辑','',' ',1),(17,2,'终模','',' ',1),(18,2,'冲刺','',' ',1),(19,2,'语法','',' ',1),(20,2,'班主任补课','',' ',1),(21,3,'词汇','',' ',1),(22,3,'听力','',' ',1),(23,3,'口语','',' ',1),(24,3,'阅读','',' ',1),(25,3,'写作','',' ',1),(26,3,'数学和逻辑','',' ',1),(27,3,'终模','',' ',1),(28,3,'冲刺','',' ',1),(29,3,'语法','',' ',1),(30,3,'班主任补课','',' ',1),(61,NULL,NULL,NULL,NULL,1),(62,NULL,NULL,NULL,NULL,1),(63,NULL,NULL,NULL,NULL,1),(64,NULL,NULL,NULL,NULL,1),(65,NULL,NULL,NULL,NULL,1),(66,NULL,NULL,NULL,NULL,1),(67,NULL,NULL,NULL,NULL,1),(68,NULL,NULL,NULL,NULL,1),(69,NULL,NULL,NULL,NULL,1);
/*!40000 ALTER TABLE `firstcourse` ENABLE KEYS */;
UNLOCK TABLES;

--
-- Table structure for table `schedule`
--

DROP TABLE IF EXISTS `schedule`;
/*!40101 SET @saved_cs_client     = @@character_set_client */;
/*!40101 SET character_set_client = utf8 */;
CREATE TABLE `schedule` (
  `id` int(11) NOT NULL AUTO_INCREMENT,
  `ondate` date DEFAULT NULL,
  `ontime` int(11) DEFAULT NULL,
  `studentid` int(11) DEFAULT NULL,
  `courseid` int(11) DEFAULT NULL,
  `teacherid` int(11) DEFAULT NULL,
  `addition` varchar(32) DEFAULT NULL,
  `description` varchar(256) DEFAULT NULL,
  PRIMARY KEY (`id`),
  KEY `teacherid` (`teacherid`),
  KEY `studentid` (`studentid`),
  KEY `courseid` (`courseid`),
  CONSTRAINT `schedule_ibfk_1` FOREIGN KEY (`teacherid`) REFERENCES `teacher` (`id`),
  CONSTRAINT `schedule_ibfk_2` FOREIGN KEY (`studentid`) REFERENCES `student` (`id`),
  CONSTRAINT `schedule_ibfk_3` FOREIGN KEY (`courseid`) REFERENCES `secondcourse` (`id`)
) ENGINE=InnoDB AUTO_INCREMENT=17971 DEFAULT CHARSET=utf8;
/*!40101 SET character_set_client = @saved_cs_client */;

--
-- Dumping data for table `schedule`
--

LOCK TABLES `schedule` WRITE;
/*!40000 ALTER TABLE `schedule` DISABLE KEYS */;
INSERT INTO `schedule` VALUES (15892,'2014-08-27',1,72,139,23,'',''),(15893,'2014-08-27',2,72,147,15,'',''),(15894,'2014-08-27',3,72,177,9,'',''),(15895,'2014-09-08',1,72,178,7,'',''),(15896,'2014-09-08',2,72,168,4,'',''),(15897,'2014-09-08',3,72,148,15,'',''),(15898,'2014-09-13',1,72,179,9,'',''),(15899,'2014-09-13',2,72,168,4,'',''),(15900,'2014-09-13',3,72,156,12,'',''),(15901,'2014-09-20',1,72,157,12,'',''),(15902,'2014-09-20',2,72,193,16,'',''),(15903,'2014-09-20',3,72,180,9,'',''),(15904,'2014-09-27',1,72,158,12,'',''),(15905,'2014-09-27',2,72,141,4,'',''),(15906,'2014-09-27',3,72,181,9,'',''),(15907,'2014-10-03',1,72,154,3,'',''),(15908,'2014-10-03',2,72,182,7,'',''),(15909,'2014-10-03',3,72,193,16,'',''),(15910,'2014-10-05',1,72,159,12,'',''),(15911,'2014-10-05',2,72,183,7,'',''),(15912,'2014-10-05',3,72,195,19,'',''),(15913,'2014-10-12',1,72,141,18,'',''),(15914,'2014-10-12',2,72,160,6,'',''),(15915,'2014-10-12',3,72,171,2,'',''),(15916,'2014-10-18',1,72,197,24,'',''),(15917,'2014-10-18',2,72,141,5,'',''),(15918,'2014-10-18',3,72,165,11,'',''),(15919,'2014-10-25',1,72,161,12,'',''),(15920,'2014-10-25',2,72,172,4,'',''),(15921,'2014-10-25',3,72,184,9,'',''),(15922,'2014-11-01',1,72,186,9,'',''),(15923,'2014-11-01',2,72,162,12,'',''),(15924,'2014-11-01',3,72,143,2,'',''),(15925,'2014-11-08',1,72,173,4,'',''),(15926,'2014-11-08',2,72,163,12,'',''),(15927,'2014-11-08',3,72,196,16,'',''),(15928,'2014-11-15',1,72,164,12,'',''),(15929,'2014-11-15',2,72,144,2,'',''),(15930,'2014-11-15',3,72,179,7,'',''),(15931,'2014-11-22',1,72,174,4,'',''),(15932,'2014-11-22',2,72,156,12,'',''),(15933,'2014-11-22',3,72,155,3,'',''),(15934,'2014-11-29',1,72,197,26,'',''),(15935,'2014-11-29',2,72,141,5,'',''),(15936,'2014-11-29',3,72,165,12,'',''),(15937,'2014-12-12',1,72,203,7,'',''),(15938,'2014-12-12',2,72,205,3,'',''),(15939,'2014-12-12',3,72,204,2,'',''),(15940,'2014-08-14',1,60,177,8,'',''),(15941,'2014-08-14',2,60,147,3,'',''),(15942,'2014-08-14',3,60,156,10,'',''),(15943,'2014-08-15',1,60,157,10,'',''),(15944,'2014-08-15',2,60,158,10,'',''),(15945,'2014-08-15',3,60,178,8,'',''),(15946,'2014-08-17',1,60,139,5,'',''),(15947,'2014-08-17',2,60,168,9,'',''),(15948,'2014-08-17',3,60,179,8,'',''),(15949,'2014-08-18',1,60,159,10,'',''),(15950,'2014-08-18',2,60,141,34,'',''),(15951,'2014-08-18',3,60,180,8,'',''),(15952,'2014-08-23',1,60,160,10,'',''),(15953,'2014-08-23',2,60,148,3,'',''),(15954,'2014-08-23',3,60,141,34,'',''),(15955,'2014-08-24',1,60,197,26,'',''),(15956,'2014-08-24',2,60,165,12,'',''),(15957,'2014-08-24',3,60,141,5,'',''),(15958,'2014-08-26',1,60,149,3,'',''),(15959,'2014-08-26',2,60,193,16,'',''),(15960,'2014-08-26',3,60,168,9,'',''),(15961,'2014-08-27',1,60,181,8,'',''),(15962,'2014-08-27',2,60,161,10,'',''),(15963,'2014-08-27',3,60,172,20,'',''),(15964,'2014-08-29',1,60,182,8,'',''),(15965,'2014-08-29',2,60,143,4,'',''),(15966,'2014-08-29',3,60,193,16,'',''),(15967,'2014-08-30',1,60,162,10,'',''),(15968,'2014-08-30',2,60,171,20,'',''),(15969,'2014-08-30',3,60,144,4,'',''),(15970,'2014-08-31',1,60,183,13,'',''),(15971,'2014-08-31',2,60,163,25,'',''),(15972,'2014-08-31',3,60,169,9,'',''),(15973,'2014-09-07',1,60,184,8,'',''),(15974,'2014-09-07',2,60,174,20,'',''),(15975,'2014-09-07',3,60,154,3,'',''),(15976,'2014-09-09',1,60,155,3,'',''),(15977,'2014-09-09',2,60,175,4,'',''),(15978,'2014-09-09',3,60,186,8,'',''),(15979,'2014-09-10',1,60,195,16,'',''),(15980,'2014-09-10',2,60,146,4,'',''),(15981,'2014-09-10',3,60,164,10,'',''),(15982,'2014-09-11',1,60,189,11,'',''),(15983,'2014-09-11',2,60,196,17,'',''),(15984,'2014-09-11',3,60,165,10,'',''),(15985,'2014-09-12',1,60,203,7,'',''),(15986,'2014-09-12',2,60,205,3,'',''),(15987,'2014-09-12',3,60,204,2,'',''),(15988,'2014-09-18',1,59,0,22,'',''),(15989,'2014-09-18',2,59,0,9,'',''),(15990,'2014-09-18',3,59,0,9,'',''),(15991,'2014-09-19',1,59,0,5,'',''),(15992,'2014-09-19',2,59,0,12,'',''),(15993,'2014-09-19',3,59,0,12,'',''),(15994,'2014-09-22',1,59,0,20,'',''),(15995,'2014-09-22',2,59,0,25,'',''),(15996,'2014-09-22',3,59,0,25,'',''),(15997,'2014-09-23',1,59,0,20,'',''),(15998,'2014-09-23',2,59,0,9,'',''),(15999,'2014-09-23',3,59,0,6,'',''),(16000,'2014-09-25',1,59,0,22,'',''),(16001,'2014-09-25',2,59,0,19,'',''),(16002,'2014-09-25',3,59,0,8,'',''),(16003,'2014-09-26',1,59,0,3,'',''),(16004,'2014-09-26',2,59,0,22,'',''),(16005,'2014-09-26',3,59,0,8,'',''),(16006,'2014-09-28',1,59,0,22,'',''),(16007,'2014-09-28',2,59,0,20,'',''),(16008,'2014-09-28',3,59,0,8,'',''),(16009,'2014-09-29',1,59,0,24,'',''),(16010,'2014-09-29',2,59,0,6,'',''),(16011,'2014-09-29',3,59,0,4,'',''),(16012,'2014-09-30',1,59,0,19,'',''),(16013,'2014-09-30',2,59,0,8,'',''),(16014,'2014-09-30',3,59,0,3,'',''),(16015,'2014-10-02',1,59,0,22,'',''),(16016,'2014-10-02',2,59,0,10,'',''),(16017,'2014-10-02',3,59,0,22,'',''),(16018,'2014-10-03',1,59,0,21,'',''),(16019,'2014-10-03',2,59,0,17,'',''),(16020,'2014-10-03',3,59,0,21,'',''),(16021,'2014-10-05',1,59,0,3,'',''),(16022,'2014-10-05',2,59,0,11,'',''),(16023,'2014-10-05',3,59,0,11,'',''),(16024,'2014-10-06',1,59,0,15,'',''),(16025,'2014-10-06',2,59,0,3,'',''),(16026,'2014-10-06',3,59,0,21,'',''),(16027,'2014-10-08',1,59,0,14,'',''),(16028,'2014-10-08',2,59,0,17,'',''),(16029,'2014-10-08',3,59,0,14,'',''),(16030,'2014-10-09',1,59,0,29,'',''),(16031,'2014-10-09',2,59,0,6,'',''),(16032,'2014-10-09',3,59,0,11,'',''),(16033,'2014-10-10',1,59,0,7,'',''),(16034,'2014-10-10',2,59,0,3,'',''),(16035,'2014-10-10',3,59,0,2,'',''),(16138,'2014-09-25',1,63,139,6,'',''),(16139,'2014-09-25',2,63,177,22,'',''),(16140,'2014-09-25',3,63,178,22,'',''),(16141,'2014-09-26',1,63,179,22,'',''),(16142,'2014-09-26',2,63,168,5,'',''),(16143,'2014-09-26',3,63,180,22,'',''),(16144,'2014-09-28',1,63,147,3,'',''),(16145,'2014-09-28',2,63,193,17,'',''),(16146,'2014-09-28',3,63,141,2,'',''),(16147,'2014-09-29',1,63,156,25,'',''),(16148,'2014-09-29',2,63,181,22,'',''),(16149,'2014-09-29',3,63,182,22,'',''),(16150,'2014-09-30',1,63,157,25,'',''),(16151,'2014-09-30',2,63,168,5,'',''),(16152,'2014-09-30',3,63,193,17,'',''),(16153,'2014-10-02',1,63,169,5,'',''),(16154,'2014-10-03',1,63,158,25,'',''),(16155,'2014-10-03',2,63,159,25,'',''),(16156,'2014-10-03',3,63,141,6,'',''),(16157,'2014-10-07',2,63,171,16,'',''),(16158,'2014-10-07',3,63,172,16,'',''),(16159,'2014-10-08',1,63,197,29,'',''),(16160,'2014-10-08',2,63,165,6,'',''),(16161,'2014-10-08',3,63,141,5,'',''),(16162,'2014-10-10',1,63,148,3,'',''),(16163,'2014-10-10',2,63,183,8,'',''),(16164,'2014-10-10',3,63,160,7,'',''),(16165,'2014-10-11',1,63,161,7,'',''),(16166,'2014-10-11',2,63,149,3,'',''),(16167,'2014-10-11',3,63,184,8,'',''),(16168,'2014-10-13',1,63,186,8,'',''),(16169,'2014-10-13',2,63,143,4,'',''),(16170,'2014-10-13',3,63,193,17,'',''),(16171,'2014-10-14',1,63,173,4,'',''),(16172,'2014-10-14',2,63,144,4,'',''),(16173,'2014-10-14',3,63,195,17,'',''),(16174,'2014-10-16',1,63,162,7,'',''),(16175,'2014-10-16',2,63,154,3,'',''),(16176,'2014-10-16',3,63,187,8,'',''),(16177,'2014-10-17',1,63,163,7,'',''),(16178,'2014-10-17',2,63,188,8,'',''),(16179,'2014-10-17',3,63,174,4,'',''),(16180,'2014-10-21',1,63,197,29,'',''),(16181,'2014-10-21',2,63,141,4,'',''),(16182,'2014-10-21',3,63,165,12,'',''),(16183,'2014-10-22',1,63,196,19,'',''),(16184,'2014-10-22',2,63,164,6,'',''),(16185,'2014-10-22',3,63,177,10,'',''),(16186,'2014-10-23',1,63,155,3,'',''),(16187,'2014-10-23',2,63,145,4,'',''),(16188,'2014-10-23',3,63,165,7,'',''),(16189,'2014-10-24',1,63,203,7,'',''),(16190,'2014-10-24',2,63,205,3,'',''),(16191,'2014-10-24',3,63,204,2,'',''),(16247,'2014-08-24',1,62,139,5,'',''),(16248,'2014-08-24',2,62,156,14,'',''),(16249,'2014-08-24',3,62,177,9,'',''),(16250,'2014-08-25',1,62,171,23,'',''),(16251,'2014-08-25',2,62,157,25,'',''),(16252,'2014-08-25',3,62,158,25,'',''),(16253,'2014-08-26',1,62,159,25,'',''),(16254,'2014-08-26',2,62,191,19,'',''),(16255,'2014-08-26',3,62,192,19,'',''),(16256,'2014-08-28',1,62,147,14,'',''),(16257,'2014-08-28',2,62,160,14,'',''),(16258,'2014-08-28',3,62,161,14,'',''),(16259,'2014-08-29',1,62,193,17,'',''),(16260,'2014-08-29',2,62,146,5,'',''),(16261,'2014-08-29',3,62,141,5,'',''),(16262,'2014-08-30',1,62,178,9,'',''),(16263,'2014-08-30',2,62,168,23,'',''),(16264,'2014-08-30',3,62,169,23,'',''),(16265,'2014-09-04',1,62,179,9,'',''),(16266,'2014-09-04',2,62,141,5,'',''),(16267,'2014-09-04',3,62,148,15,'',''),(16268,'2014-09-07',1,62,162,25,'',''),(16269,'2014-09-07',2,62,163,25,'',''),(16270,'2014-09-07',3,62,164,25,'',''),(16271,'2014-09-08',1,62,197,21,'',''),(16272,'2014-09-08',2,62,197,21,'',''),(16273,'2014-09-08',3,62,197,7,'',''),(16274,'2014-09-14',1,62,195,17,'',''),(16275,'2014-09-14',2,62,149,15,'',''),(16276,'2014-09-14',3,62,180,9,'',''),(16277,'2014-09-21',1,62,154,3,'',''),(16278,'2014-09-21',2,62,143,5,'',''),(16279,'2014-09-21',3,62,181,9,'',''),(16280,'2014-09-25',1,62,171,21,'',''),(16281,'2014-09-25',2,62,182,9,'',''),(16282,'2014-09-25',3,62,183,9,'',''),(16283,'2014-10-02',1,62,184,12,'',''),(16284,'2014-10-02',2,62,173,5,'',''),(16285,'2014-10-02',3,62,156,15,'',''),(16286,'2014-10-03',1,62,172,2,'',''),(16287,'2014-10-03',2,62,144,4,'',''),(16288,'2014-10-03',3,62,196,17,'',''),(16289,'2014-10-04',1,62,174,16,'',''),(16290,'2014-10-04',2,62,186,7,'',''),(16291,'2014-10-04',3,62,187,7,'',''),(16292,'2014-10-07',1,62,175,16,'',''),(16293,'2014-10-07',2,62,157,14,'',''),(16294,'2014-10-07',3,62,143,2,'',''),(16295,'2014-10-08',1,62,200,29,'',''),(16296,'2014-10-08',2,62,197,15,'',''),(16297,'2014-10-08',3,62,197,19,'',''),(16298,'2014-10-10',1,62,203,7,'',''),(16299,'2014-10-10',2,62,203,3,'',''),(16300,'2014-10-10',3,62,204,2,'',''),(16301,'2014-08-22',1,66,139,23,'',''),(16302,'2014-08-22',2,66,171,8,'',''),(16303,'2014-08-22',3,66,191,17,'',''),(16304,'2014-08-23',1,66,192,17,'',''),(16305,'2014-08-23',2,66,143,34,'',''),(16306,'2014-08-23',3,66,147,3,'',''),(16307,'2014-08-24',1,66,177,13,'',''),(16308,'2014-08-24',2,66,193,17,'',''),(16309,'2014-08-24',3,66,156,14,'',''),(16310,'2014-08-25',1,66,143,34,'',''),(16311,'2014-08-25',2,66,148,15,'',''),(16312,'2014-08-25',3,66,157,14,'',''),(16313,'2014-08-27',1,66,149,15,'',''),(16314,'2014-08-27',2,66,168,8,'',''),(16315,'2014-08-27',3,66,141,23,'',''),(16316,'2014-08-28',1,66,150,15,'',''),(16317,'2014-08-28',2,66,169,8,'',''),(16318,'2014-08-28',3,66,141,23,'',''),(16319,'2014-08-29',1,66,195,17,'',''),(16320,'2014-08-29',2,66,141,23,'',''),(16321,'2014-08-29',3,66,170,8,'',''),(16322,'2014-08-31',1,66,158,12,'',''),(16323,'2014-08-31',2,66,178,13,'',''),(16324,'2014-08-31',3,66,179,13,'',''),(16325,'2014-09-06',1,66,197,24,'',''),(16326,'2014-09-06',2,66,156,15,'',''),(16327,'2014-09-06',3,66,143,23,'',''),(16328,'2014-09-07',1,66,159,12,'',''),(16329,'2014-09-07',2,66,171,5,'',''),(16330,'2014-09-07',3,66,142,23,'',''),(16331,'2014-09-13',1,66,172,5,'',''),(16332,'2014-09-13',2,66,180,13,'',''),(16333,'2014-09-13',3,66,181,13,'',''),(16334,'2014-09-14',1,66,160,12,'',''),(16335,'2014-09-14',2,66,143,3,'',''),(16336,'2014-09-14',3,66,182,13,'',''),(16337,'2014-09-20',1,66,183,13,'',''),(16338,'2014-09-20',2,66,173,20,'',''),(16339,'2014-09-21',1,66,184,13,'',''),(16340,'2014-09-21',2,66,174,20,'',''),(16341,'2014-09-21',3,66,144,2,'',''),(16342,'2014-09-22',2,66,161,14,'',''),(16343,'2014-09-27',1,66,184,13,'',''),(16344,'2014-09-27',2,66,154,3,'',''),(16345,'2014-09-27',3,66,162,14,'',''),(16346,'2014-10-02',1,66,186,13,'',''),(16347,'2014-10-02',2,66,163,14,'',''),(16348,'2014-10-02',3,66,164,14,'',''),(16349,'2014-10-03',1,66,187,13,'',''),(16350,'2014-10-03',2,66,196,17,'',''),(16351,'2014-10-03',3,66,145,2,'',''),(16352,'2014-10-05',1,66,175,2,'',''),(16353,'2014-10-05',2,66,156,14,'',''),(16354,'2014-10-05',3,66,155,3,'',''),(16355,'2014-10-06',1,66,200,29,'',''),(16356,'2014-10-06',2,66,197,19,'',''),(16357,'2014-10-06',3,66,197,14,'',''),(16358,'2014-10-10',1,66,203,7,'',''),(16359,'2014-10-10',2,66,204,2,'',''),(16360,'2014-10-10',3,66,203,16,'',''),(16428,'2014-10-05',1,70,177,11,'',''),(16429,'2014-10-05',2,70,143,4,'',''),(16430,'2014-10-05',3,70,143,4,'',''),(16431,'2014-10-06',1,70,147,3,'',''),(16432,'2014-10-06',2,70,168,16,'',''),(16433,'2014-10-06',3,70,168,16,'',''),(16434,'2014-10-07',1,70,193,17,'',''),(16435,'2014-10-07',2,70,156,13,'',''),(16436,'2014-10-07',3,70,193,17,'',''),(16437,'2014-10-12',1,70,148,3,'',''),(16438,'2014-10-12',2,70,193,17,'',''),(16439,'2014-10-12',3,70,157,13,'',''),(16440,'2014-10-18',1,70,178,11,'',''),(16441,'2014-10-18',2,70,158,13,'',''),(16442,'2014-10-18',3,70,141,6,'',''),(16443,'2014-10-19',1,70,179,11,'',''),(16444,'2014-10-19',2,70,206,18,'',''),(16445,'2014-10-19',3,70,159,13,'',''),(16446,'2014-10-25',1,70,169,16,'',''),(16447,'2014-10-25',2,70,141,6,'',''),(16448,'2014-10-25',3,70,180,11,'',''),(16449,'2014-10-26',1,70,181,11,'',''),(16450,'2014-10-26',2,70,149,3,'',''),(16451,'2014-10-26',3,70,160,13,'',''),(16452,'2014-11-01',1,70,182,11,'',''),(16453,'2014-11-01',2,70,194,17,'',''),(16454,'2014-11-01',3,70,161,13,'',''),(16455,'2014-11-02',1,70,141,6,'',''),(16456,'2014-11-02',2,70,142,6,'',''),(16457,'2014-11-02',3,70,170,16,'',''),(16458,'2014-11-08',1,70,197,26,'',''),(16459,'2014-11-08',2,70,141,16,'',''),(16460,'2014-11-08',3,70,165,15,'',''),(16461,'2014-11-09',1,70,183,11,'',''),(16462,'2014-11-09',2,70,141,6,'',''),(16463,'2014-11-09',3,70,162,13,'',''),(16464,'2014-11-15',1,70,143,2,'',''),(16465,'2014-11-15',2,70,184,11,'',''),(16466,'2014-11-15',3,70,163,13,'',''),(16467,'2014-11-16',1,70,171,16,'',''),(16468,'2014-11-16',2,70,150,3,'',''),(16469,'2014-11-16',3,70,195,17,'',''),(16470,'2014-11-22',1,70,144,2,'',''),(16471,'2014-11-22',2,70,172,16,'',''),(16472,'2014-11-22',3,70,186,11,'',''),(16473,'2014-11-23',1,70,164,13,'',''),(16474,'2014-11-23',2,70,187,11,'',''),(16475,'2014-11-23',3,70,173,16,'',''),(16476,'2014-11-29',1,70,145,2,'',''),(16477,'2014-11-29',2,70,174,16,'',''),(16478,'2014-11-29',3,70,152,3,'',''),(16479,'2014-11-30',1,70,175,16,'',''),(16480,'2014-11-30',2,70,156,13,'',''),(16481,'2014-11-30',3,70,188,11,'',''),(16482,'2014-12-06',1,70,153,3,'',''),(16483,'2014-12-06',2,70,176,16,'',''),(16484,'2014-12-06',3,70,157,13,'',''),(16485,'2014-12-07',1,70,175,16,'',''),(16486,'2014-12-07',2,70,0,11,'',''),(16487,'2014-12-07',3,70,196,17,'',''),(16488,'2014-12-11',1,70,200,26,'',''),(16489,'2014-12-11',2,70,165,6,'',''),(16490,'2014-12-11',3,70,141,16,'',''),(16491,'2014-12-12',1,70,203,7,'',''),(16492,'2014-12-12',2,70,205,3,'',''),(16493,'2014-12-12',3,70,204,2,'',''),(16619,'2015-06-30',1,73,206,5,'',''),(16620,'2015-06-30',2,73,139,3,'',''),(16621,'2015-06-30',3,73,206,3,'',''),(16622,'2015-07-02',1,73,140,12,'',''),(16623,'2015-07-02',2,73,206,12,'',''),(16624,'2015-07-02',3,73,206,12,'',''),(16625,'2015-07-04',1,73,206,30,'',''),(16626,'2015-07-04',2,73,206,30,'',''),(16627,'2015-07-04',3,73,206,30,'',''),(16628,'2015-07-19',1,73,139,10,'',''),(16629,'2015-07-19',2,73,206,5,'',''),(16630,'2015-07-19',3,73,206,2,'',''),(16631,'2015-07-20',1,73,206,2,'',''),(16632,'2015-07-20',2,73,206,15,'',''),(16633,'2015-07-20',3,73,139,10,'',''),(16634,'2015-07-21',1,73,139,10,'',''),(16635,'2015-07-23',1,73,0,12,'',''),(16636,'2015-07-23',2,73,0,12,'',''),(16637,'2015-07-23',3,73,139,10,'',''),(16638,'2015-07-24',1,73,0,2,'',''),(16639,'2015-07-24',2,73,206,15,'',''),(16640,'2015-07-24',3,73,139,10,'',''),(16641,'2015-07-25',1,73,0,5,'',''),(16642,'2015-07-25',2,73,0,5,'',''),(16643,'2015-07-25',3,73,139,10,'',''),(16644,'2015-07-27',1,73,0,2,'',''),(16645,'2015-07-27',2,73,206,5,'',''),(16646,'2015-07-27',3,73,139,10,'',''),(16647,'2015-07-28',2,73,0,2,'',''),(16648,'2015-07-28',3,73,0,2,'',''),(16649,'2015-07-29',1,73,177,7,'',''),(16650,'2015-07-29',2,73,0,5,'',''),(16651,'2015-07-29',3,73,0,5,'',''),(16652,'2015-07-31',1,73,178,7,'',''),(16653,'2015-07-31',2,73,139,10,'',''),(16654,'2015-07-31',3,73,0,5,'',''),(16655,'2015-08-02',3,73,139,10,'',''),(16656,'2015-08-04',1,73,156,14,'',''),(16657,'2015-08-04',2,73,177,8,'',''),(16658,'2015-08-04',3,73,147,12,'',''),(16659,'2015-08-05',1,73,193,17,'',''),(16660,'2015-08-05',2,73,141,2,'',''),(16661,'2015-08-05',3,73,148,3,'',''),(16662,'2015-08-07',1,73,149,12,'',''),(16663,'2015-08-07',2,73,193,19,'',''),(16664,'2015-08-07',3,73,168,5,'',''),(16665,'2015-08-08',1,73,141,2,'',''),(16666,'2015-08-08',2,73,178,8,'',''),(16667,'2015-08-08',3,73,157,14,'',''),(16668,'2015-08-10',1,73,158,14,'',''),(16669,'2015-08-10',2,73,179,8,'',''),(16670,'2015-08-10',3,73,141,2,'',''),(16671,'2015-08-11',1,73,159,14,'',''),(16672,'2015-08-11',2,73,168,5,'',''),(16673,'2015-08-11',3,73,180,8,'',''),(16674,'2015-08-14',1,73,169,5,'',''),(16675,'2015-08-14',2,73,181,8,'',''),(16676,'2015-08-14',3,73,150,12,'',''),(16677,'2015-08-16',1,73,160,14,'',''),(16678,'2015-08-16',2,73,142,2,'',''),(16679,'2015-08-16',3,73,193,19,'',''),(16680,'2015-08-17',1,73,197,26,'',''),(16681,'2015-08-17',2,73,165,15,'',''),(16682,'2015-08-17',3,73,141,5,'',''),(16683,'2015-08-19',1,73,154,3,'',''),(16684,'2015-08-19',2,73,171,20,'',''),(16685,'2015-08-19',3,73,143,2,'',''),(16686,'2015-08-20',1,73,161,15,'',''),(16687,'2015-08-20',2,73,182,8,'',''),(16688,'2015-08-20',3,73,144,2,'',''),(16689,'2015-08-30',1,73,162,14,'',''),(16690,'2015-08-30',2,73,172,4,'',''),(16691,'2015-08-30',3,73,194,19,'',''),(16692,'2015-08-31',1,73,163,14,'',''),(16693,'2015-08-31',2,73,183,8,'',''),(16694,'2015-08-31',3,73,155,3,'',''),(16695,'2015-09-06',1,73,164,14,'',''),(16696,'2015-09-06',2,73,173,4,'',''),(16697,'2015-09-06',3,73,184,8,'',''),(16698,'2015-09-13',1,73,174,4,'',''),(16699,'2015-09-13',2,73,186,8,'',''),(16700,'2015-09-13',3,73,195,17,'',''),(16701,'2015-09-14',1,73,145,16,'',''),(16702,'2015-09-14',2,73,165,14,'',''),(16703,'2015-09-14',3,73,187,8,'',''),(16704,'2015-09-20',1,73,196,17,'',''),(16705,'2015-09-27',1,73,188,8,'',''),(16706,'2015-09-27',2,73,143,2,'',''),(16707,'2015-09-27',3,73,154,3,'',''),(16708,'2015-09-28',1,73,200,26,'',''),(16709,'2015-09-28',2,73,156,15,'',''),(16710,'2015-09-28',3,73,143,5,'',''),(16711,'2015-10-04',1,73,175,16,'',''),(16712,'2015-10-04',2,73,189,8,'',''),(16713,'2015-10-04',3,73,195,17,'',''),(16714,'2015-10-12',1,73,206,19,'',''),(16715,'2015-10-12',2,73,206,15,'',''),(16716,'2015-10-12',3,73,206,19,'',''),(16717,'2015-10-18',1,73,139,10,'',''),(16718,'2015-10-18',2,73,189,8,'',''),(16719,'2015-10-18',3,73,170,5,'',''),(16720,'2015-10-19',1,73,190,7,'',''),(16721,'2015-10-19',2,73,146,2,'',''),(16722,'2015-10-20',1,73,176,20,'',''),(16723,'2015-10-20',3,73,166,14,'',''),(16724,'2015-10-21',1,73,145,4,'',''),(16725,'2015-10-22',1,73,154,3,'',''),(16726,'2015-10-22',2,73,165,7,'',''),(16727,'2015-10-24',1,73,203,7,'',''),(16728,'2015-10-24',2,73,205,3,'',''),(16729,'2015-10-24',3,73,204,2,'',''),(16730,'2014-10-09',1,74,177,9,'',''),(16731,'2014-10-09',2,74,206,5,'',''),(16732,'2014-10-09',3,74,156,15,'',''),(16733,'2014-10-10',1,74,206,5,'',''),(16734,'2014-10-10',2,74,178,9,'',''),(16735,'2014-10-10',3,74,185,9,'',''),(16736,'2014-10-11',1,74,206,5,'',''),(16737,'2014-10-11',2,74,157,15,'',''),(16738,'2014-10-11',3,74,206,5,'',''),(16739,'2014-10-13',1,74,177,9,'',''),(16740,'2014-10-13',2,74,158,14,'',''),(16741,'2014-10-13',3,74,159,14,'',''),(16742,'2014-10-14',1,74,177,9,'',''),(16743,'2014-10-14',2,74,177,9,'',''),(16744,'2014-10-14',3,74,206,5,'',''),(16745,'2014-10-15',1,74,206,5,'',''),(16746,'2014-10-15',2,74,160,10,'',''),(16747,'2014-10-15',3,74,161,11,'',''),(16748,'2014-10-17',1,74,147,3,'',''),(16749,'2014-10-17',2,74,156,14,'',''),(16750,'2014-10-17',3,74,177,8,'',''),(16751,'2014-10-18',1,74,168,9,'',''),(16752,'2014-10-18',2,74,178,22,'',''),(16753,'2014-10-18',3,74,179,22,'',''),(16754,'2014-10-20',1,74,139,6,'',''),(16755,'2014-10-20',2,74,157,14,'',''),(16756,'2014-10-20',3,74,168,9,'',''),(16757,'2014-10-21',1,74,193,17,'',''),(16758,'2014-10-21',2,74,169,9,'',''),(16759,'2014-10-21',3,74,158,14,'',''),(16760,'2014-10-23',1,74,148,12,'',''),(16761,'2014-10-23',2,74,181,8,'',''),(16762,'2014-10-23',3,74,139,6,'',''),(16763,'2014-10-24',1,74,193,17,'',''),(16764,'2014-10-24',2,74,159,14,'',''),(16765,'2014-10-24',3,74,182,8,'',''),(16766,'2014-10-26',1,74,170,9,'',''),(16767,'2014-10-26',2,74,180,22,'',''),(16768,'2014-10-26',3,74,149,12,'',''),(16769,'2014-10-27',1,74,141,6,'',''),(16770,'2014-10-27',2,74,160,14,'',''),(16771,'2014-10-27',3,74,183,8,'',''),(16772,'2014-10-29',1,74,141,6,'',''),(16773,'2014-10-29',2,74,171,16,'',''),(16774,'2014-10-29',3,74,141,6,'',''),(16775,'2014-10-30',1,74,184,8,'',''),(16776,'2014-10-30',2,74,150,12,'',''),(16777,'2014-10-30',3,74,142,6,'',''),(16778,'2014-11-01',1,74,197,24,'',''),(16779,'2014-11-01',2,74,141,5,'',''),(16780,'2014-11-01',3,74,165,15,'',''),(16781,'2014-11-02',1,74,193,19,'',''),(16782,'2014-11-02',2,74,154,12,'',''),(16783,'2014-11-02',3,74,161,14,'',''),(16784,'2014-11-04',1,74,162,14,'',''),(16785,'2014-11-04',2,74,143,2,'',''),(16786,'2014-11-04',3,74,194,17,'',''),(16787,'2014-11-05',1,74,172,16,'',''),(16788,'2014-11-05',2,74,163,7,'',''),(16789,'2014-11-05',3,74,144,2,'',''),(16790,'2014-11-07',1,74,173,16,'',''),(16791,'2014-11-07',2,74,186,8,'',''),(16792,'2014-11-07',3,74,164,14,'',''),(16793,'2014-11-08',1,74,195,17,'',''),(16794,'2014-11-08',2,74,155,3,'',''),(16795,'2014-11-08',3,74,187,8,'',''),(16796,'2014-11-10',1,74,165,14,'',''),(16797,'2014-11-10',2,74,188,8,'',''),(16798,'2014-11-10',3,74,196,17,'',''),(16799,'2014-11-11',1,74,154,3,'',''),(16800,'2014-11-11',2,74,145,2,'',''),(16801,'2014-11-11',3,74,166,14,'',''),(16802,'2014-11-13',1,74,174,16,'',''),(16803,'2014-11-13',2,74,0,10,'',''),(16804,'2014-11-13',3,74,165,7,'',''),(16805,'2014-11-14',1,74,175,16,'',''),(16806,'2014-11-14',2,74,146,2,'',''),(16807,'2014-11-14',3,74,195,17,'',''),(16808,'2014-11-16',1,74,166,14,'',''),(16809,'2014-11-16',2,74,176,16,'',''),(16810,'2014-11-16',3,74,0,13,'',''),(16811,'2014-11-18',1,74,200,29,'',''),(16812,'2014-11-18',2,74,165,12,'',''),(16813,'2014-11-18',3,74,141,19,'',''),(16814,'2014-11-20',1,74,171,16,'',''),(16815,'2014-11-20',2,74,143,3,'',''),(16816,'2014-11-20',3,74,156,7,'',''),(16817,'2014-11-21',1,74,203,7,'',''),(16818,'2014-11-21',2,74,205,3,'',''),(16819,'2014-11-21',3,74,204,2,'',''),(16859,'2014-09-25',1,76,156,11,'',''),(16860,'2014-09-25',2,76,139,6,'',''),(16861,'2014-09-25',3,76,177,13,'',''),(16862,'2014-09-26',1,76,141,4,'',''),(16863,'2014-09-26',2,76,168,9,'',''),(16864,'2014-09-26',3,76,168,9,'',''),(16865,'2014-10-08',1,76,178,13,'',''),(16866,'2014-10-08',2,76,157,22,'',''),(16867,'2014-10-08',3,76,158,22,'',''),(16868,'2014-10-10',1,76,159,11,'',''),(16869,'2014-10-10',2,76,141,4,'',''),(16870,'2014-10-10',3,76,179,13,'',''),(16871,'2014-10-11',1,76,143,4,'',''),(16872,'2014-10-11',2,76,193,17,'',''),(16873,'2014-10-11',3,76,160,11,'',''),(16874,'2014-10-13',1,76,193,17,'',''),(16875,'2014-10-13',2,76,171,20,'',''),(16876,'2014-10-13',3,76,147,12,'',''),(16877,'2014-10-14',1,76,197,29,'',''),(16878,'2014-10-14',2,76,141,9,'',''),(16879,'2014-10-14',3,76,165,12,'',''),(16880,'2014-10-16',1,76,144,4,'',''),(16881,'2014-10-16',2,76,172,20,'',''),(16882,'2014-10-16',3,76,173,20,'',''),(16883,'2014-10-17',1,76,193,17,'',''),(16884,'2014-10-17',2,76,179,13,'',''),(16885,'2014-10-17',3,76,182,13,'',''),(16886,'2014-10-19',1,76,154,3,'',''),(16887,'2014-10-19',2,76,161,20,'',''),(16888,'2014-10-19',3,76,162,11,'',''),(16889,'2014-10-20',1,76,183,13,'',''),(16890,'2014-10-20',2,76,174,20,'',''),(16891,'2014-10-20',3,76,186,8,'',''),(16892,'2014-10-22',1,76,177,7,'',''),(16893,'2014-10-22',2,76,155,3,'',''),(16894,'2014-10-22',3,76,164,11,'',''),(16895,'2014-10-23',1,76,197,26,'',''),(16896,'2014-10-23',2,76,197,5,'',''),(16897,'2014-10-23',3,76,165,7,'',''),(16898,'2014-10-24',1,76,203,7,'',''),(16899,'2014-10-24',2,76,205,3,'',''),(16900,'2014-10-24',3,76,204,2,'',''),(16901,'2014-08-13',1,77,193,17,'',''),(16902,'2014-08-14',1,77,156,14,'',''),(16903,'2014-08-15',1,77,177,21,'',''),(16904,'2014-08-16',2,77,178,21,'',''),(16905,'2014-08-16',3,77,139,5,'',''),(16906,'2014-08-18',1,77,147,3,'',''),(16907,'2014-08-19',1,77,179,10,'',''),(16908,'2014-08-20',1,77,157,14,'',''),(16909,'2014-08-21',2,77,158,11,'',''),(16910,'2014-08-21',3,77,159,11,'',''),(16911,'2014-08-22',1,77,193,19,'',''),(16912,'2014-08-23',2,77,168,5,'',''),(16913,'2014-08-23',3,77,141,5,'',''),(16914,'2014-08-25',1,77,168,5,'',''),(16915,'2014-08-26',2,77,160,14,'',''),(16916,'2014-08-26',3,77,148,12,'',''),(16917,'2014-08-27',1,77,171,4,'',''),(16918,'2014-08-28',2,77,143,20,'',''),(16919,'2014-08-28',3,77,172,4,'',''),(16920,'2014-08-29',2,77,144,20,'',''),(16921,'2014-08-29',3,77,149,3,'',''),(16922,'2014-08-30',2,77,173,5,'',''),(16923,'2014-08-30',3,77,174,5,'',''),(16924,'2014-09-01',2,77,161,14,'',''),(16925,'2014-09-01',3,77,180,10,'',''),(16926,'2014-09-02',2,77,162,14,'',''),(16927,'2014-09-02',3,77,193,17,'',''),(16928,'2014-09-03',1,77,181,10,'',''),(16929,'2014-09-04',1,77,182,10,'',''),(16930,'2014-09-05',2,77,175,4,'',''),(16931,'2014-09-05',3,77,163,14,'',''),(16932,'2014-09-06',2,77,154,3,'',''),(16933,'2014-09-06',3,77,183,10,'',''),(16934,'2014-09-08',1,77,155,3,'',''),(16935,'2014-09-09',2,77,145,20,'',''),(16936,'2014-09-09',3,77,164,14,'',''),(16937,'2014-09-10',1,77,184,10,'',''),(16938,'2014-09-11',2,77,186,11,'',''),(16939,'2014-09-11',3,77,179,11,'',''),(16940,'2014-09-12',1,77,203,7,'',''),(16941,'2014-09-12',2,77,205,3,'',''),(16942,'2014-09-12',3,77,204,2,'',''),(16943,'2014-10-25',1,78,156,6,'',''),(16944,'2014-10-25',2,78,177,7,'',''),(16945,'2014-10-25',3,78,139,5,'',''),(16946,'2014-10-26',1,78,157,12,'',''),(16947,'2014-10-26',2,78,168,20,'',''),(16948,'2014-10-26',3,78,168,20,'',''),(16949,'2014-10-31',1,78,140,5,'',''),(16950,'2014-10-31',2,78,179,7,'',''),(16951,'2014-10-31',3,78,158,11,'',''),(16952,'2014-11-01',1,78,147,15,'',''),(16953,'2014-11-01',2,78,148,15,'',''),(16954,'2014-11-01',3,78,159,11,'',''),(16955,'2014-11-02',1,78,180,7,'',''),(16956,'2014-11-02',2,78,160,11,'',''),(16957,'2014-11-02',3,78,141,5,'',''),(16958,'2014-11-08',1,78,152,3,'',''),(16959,'2014-11-08',2,78,181,10,'',''),(16960,'2014-11-08',3,78,161,11,'',''),(16961,'2014-11-09',1,78,182,7,'',''),(16962,'2014-11-09',2,78,193,17,'',''),(16963,'2014-11-09',3,78,162,11,'',''),(16964,'2014-11-15',1,78,183,7,'',''),(16965,'2014-11-15',2,78,171,20,'',''),(16966,'2014-11-15',3,78,163,11,'',''),(16967,'2014-11-16',1,78,184,10,'',''),(16968,'2014-11-16',2,78,164,11,'',''),(16969,'2014-11-16',3,78,186,10,'',''),(16970,'2014-11-17',1,78,172,20,'',''),(16971,'2014-11-17',2,78,195,17,'',''),(16972,'2014-11-17',3,78,173,20,'',''),(16973,'2014-11-18',1,78,143,4,'',''),(16974,'2014-11-18',2,78,196,17,'',''),(16975,'2014-11-18',3,78,144,4,'',''),(16976,'2014-11-19',1,78,174,20,'',''),(16977,'2014-11-19',2,78,175,2,'',''),(16978,'2014-11-19',3,78,187,10,'',''),(16979,'2014-11-20',1,78,153,3,'',''),(16980,'2014-11-20',2,78,189,10,'',''),(16981,'2014-11-20',3,78,145,4,'',''),(16982,'2014-11-21',1,78,203,7,'',''),(16983,'2014-11-21',2,78,205,3,'',''),(16984,'2014-11-21',3,78,204,2,'',''),(16985,'2014-11-07',2,71,0,7,'',''),(16986,'2014-11-07',3,71,0,13,'',''),(16987,'2014-11-08',1,71,0,13,'',''),(16988,'2014-11-08',2,71,0,16,'',''),(16989,'2014-11-08',3,71,0,3,'',''),(16990,'2014-11-09',1,71,0,2,'',''),(16991,'2014-11-09',2,71,0,9,'',''),(16992,'2014-11-09',3,71,0,7,'',''),(16993,'2014-11-10',1,71,0,13,'',''),(16994,'2014-11-10',2,71,0,20,'',''),(16995,'2014-11-10',3,71,0,20,'',''),(16996,'2014-11-11',1,71,0,2,'',''),(16997,'2014-11-11',2,71,0,13,'',''),(16998,'2014-11-11',3,71,0,3,'',''),(16999,'2014-11-12',1,71,0,20,'',''),(17000,'2014-11-12',2,71,0,7,'',''),(17001,'2014-11-12',3,71,0,7,'',''),(17061,'2014-10-26',2,79,6,5,'',''),(17062,'2014-10-26',3,79,0,22,'',''),(17063,'2014-11-02',2,79,27,20,'',''),(17064,'2014-11-02',3,79,37,13,'',''),(17065,'2014-11-09',2,79,0,22,'',''),(17066,'2014-11-09',3,79,28,20,'',''),(17067,'2014-11-15',1,79,0,14,'',''),(17068,'2014-11-15',2,79,37,10,'',''),(17069,'2014-11-15',3,79,65,18,'',''),(17070,'2014-11-17',1,79,3,4,'',''),(17071,'2014-11-17',2,79,37,13,'',''),(17072,'2014-11-17',3,79,0,14,'',''),(17073,'2014-11-19',1,79,0,14,'',''),(17074,'2014-11-19',2,79,65,19,'',''),(17075,'2014-11-19',3,79,29,20,'',''),(17076,'2014-11-21',1,79,49,16,'',''),(17077,'2014-11-21',2,79,4,4,'',''),(17078,'2014-11-21',3,79,37,13,'',''),(17079,'2014-11-23',1,79,50,16,'',''),(17080,'2014-11-23',2,79,66,19,'',''),(17081,'2014-11-23',3,79,0,14,'',''),(17082,'2014-11-25',1,79,55,29,'',''),(17083,'2014-11-25',2,79,6,19,'',''),(17084,'2014-11-25',3,79,23,14,'',''),(17085,'2014-11-27',1,79,5,4,'',''),(17086,'2014-11-27',2,79,11,3,'',''),(17087,'2014-11-27',3,79,51,16,'',''),(17088,'2014-11-29',1,79,13,3,'',''),(17089,'2014-11-29',2,79,37,13,'',''),(17090,'2014-11-29',3,79,0,19,'',''),(17091,'2014-12-01',1,79,37,13,'',''),(17092,'2014-12-01',2,79,17,14,'',''),(17093,'2014-12-01',3,79,3,4,'',''),(17094,'2014-12-03',1,79,53,16,'',''),(17095,'2014-12-03',2,79,0,19,'',''),(17096,'2014-12-03',3,79,31,20,'',''),(17097,'2014-12-05',1,79,37,13,'',''),(17098,'2014-12-05',2,79,6,4,'',''),(17099,'2014-12-05',3,79,38,13,'',''),(17100,'2014-12-07',1,79,6,2,'',''),(17101,'2014-12-07',2,79,39,13,'',''),(17102,'2014-12-07',3,79,18,14,'',''),(17103,'2014-12-09',1,79,55,29,'',''),(17104,'2014-12-09',2,79,6,19,'',''),(17105,'2014-12-09',3,79,23,14,'',''),(17106,'2014-12-12',1,79,62,7,'',''),(17107,'2014-12-12',2,79,63,2,'',''),(17108,'2014-12-12',3,79,64,3,'',''),(17109,'2014-08-30',2,80,121,16,'',''),(17110,'2014-08-30',3,80,108,9,'',''),(17111,'2014-08-31',1,80,73,6,'',''),(17112,'2014-08-31',2,80,100,5,'',''),(17113,'2014-08-31',3,80,96,11,'',''),(17114,'2014-09-01',1,80,83,14,'',''),(17115,'2014-09-29',1,80,100,5,'',''),(17116,'2014-09-29',2,80,109,9,'',''),(17117,'2014-09-29',3,80,78,6,'',''),(17118,'2014-09-30',1,80,111,9,'',''),(17119,'2014-09-30',2,80,112,22,'',''),(17120,'2014-09-30',3,80,96,11,'',''),(17121,'2014-10-02',1,80,101,19,'',''),(17122,'2014-10-02',2,80,96,11,'',''),(17123,'2014-10-02',3,80,89,11,'',''),(17124,'2014-10-03',1,80,121,16,'',''),(17125,'2014-10-03',2,80,84,14,'',''),(17126,'2014-10-03',3,80,113,13,'',''),(17127,'2014-10-04',1,80,78,6,'',''),(17128,'2014-10-04',2,80,114,13,'',''),(17129,'2014-10-04',3,80,85,14,'',''),(17130,'2014-10-06',1,80,125,29,'',''),(17131,'2014-10-06',2,80,98,12,'',''),(17132,'2014-10-06',3,80,81,6,'',''),(17133,'2014-10-07',1,80,115,13,'',''),(17134,'2014-10-07',2,80,79,2,'',''),(17135,'2014-10-07',3,80,89,11,'',''),(17136,'2014-10-13',1,80,116,13,'',''),(17137,'2014-10-13',2,80,123,17,'',''),(17138,'2014-10-13',3,80,117,13,'',''),(17139,'2014-10-14',1,80,118,13,'',''),(17140,'2014-10-14',2,80,89,11,'',''),(17141,'2014-10-14',3,80,80,2,'',''),(17142,'2014-10-16',1,80,103,16,'',''),(17143,'2014-10-16',2,80,89,7,'',''),(17144,'2014-10-16',3,80,87,3,'',''),(17145,'2014-10-17',1,80,104,16,'',''),(17146,'2014-10-17',2,80,96,11,'',''),(17147,'2014-10-17',3,80,81,2,'',''),(17148,'2014-10-19',1,80,105,16,'',''),(17149,'2014-10-19',2,80,97,11,'',''),(17150,'2014-10-19',3,80,124,17,'',''),(17151,'2014-10-20',1,80,128,29,'',''),(17152,'2014-10-20',2,80,81,6,'',''),(17153,'2014-10-20',3,80,98,12,'',''),(17154,'2014-10-21',1,80,118,13,'',''),(17155,'2014-10-21',2,80,98,11,'',''),(17156,'2014-10-21',3,80,82,2,'',''),(17157,'2014-10-23',1,80,106,16,'',''),(17158,'2014-10-23',2,80,98,7,'',''),(17159,'2014-10-23',3,80,88,3,'',''),(17160,'2014-10-24',1,80,131,7,'',''),(17161,'2014-10-24',2,80,132,2,'',''),(17162,'2014-10-24',3,80,133,16,'',''),(17163,'2014-09-21',1,81,73,6,'',''),(17164,'2014-09-21',2,81,108,9,'',''),(17165,'2014-09-21',3,81,96,12,'',''),(17166,'2014-10-03',1,81,83,15,'',''),(17167,'2014-10-03',2,81,100,31,'',''),(17168,'2014-10-03',3,81,100,31,'',''),(17169,'2014-10-05',1,81,121,17,'',''),(17170,'2014-10-05',2,81,121,17,'',''),(17171,'2014-10-05',3,81,84,15,'',''),(17172,'2014-10-07',1,81,109,8,'',''),(17173,'2014-10-07',2,81,74,6,'',''),(17174,'2014-10-07',3,81,111,8,'',''),(17175,'2014-10-19',1,81,96,12,'',''),(17176,'2014-10-19',2,81,112,8,'',''),(17177,'2014-10-19',3,81,85,15,'',''),(17178,'2014-10-26',1,81,101,5,'',''),(17179,'2014-10-26',2,81,96,12,'',''),(17180,'2014-10-26',3,81,78,6,'',''),(17181,'2014-11-02',1,81,113,8,'',''),(17182,'2014-11-02',2,81,102,5,'',''),(17183,'2014-11-02',3,81,78,6,'',''),(17184,'2014-11-09',1,81,103,5,'',''),(17185,'2014-11-09',2,81,114,8,'',''),(17186,'2014-11-09',3,81,89,12,'',''),(17187,'2014-11-16',1,81,125,26,'',''),(17188,'2014-11-16',2,81,81,16,'',''),(17189,'2014-11-16',3,81,98,15,'',''),(17190,'2014-11-23',1,81,115,8,'',''),(17191,'2014-11-23',2,81,78,6,'',''),(17192,'2014-11-23',3,81,89,12,'',''),(17193,'2014-11-30',1,81,78,6,'',''),(17194,'2014-11-30',2,81,104,5,'',''),(17195,'2014-11-30',3,81,89,12,'',''),(17196,'2014-12-07',1,81,89,12,'',''),(17197,'2014-12-07',2,81,116,8,'',''),(17198,'2014-12-07',3,81,87,3,'',''),(17199,'2014-12-14',1,81,98,12,'',''),(17200,'2014-12-14',2,81,121,17,'',''),(17201,'2014-12-14',3,81,79,16,'',''),(17202,'2014-12-21',1,81,123,17,'',''),(17203,'2014-12-21',2,81,117,8,'',''),(17204,'2014-12-21',3,81,80,16,'',''),(17205,'2014-12-28',1,81,105,5,'',''),(17206,'2014-12-28',2,81,88,3,'',''),(17207,'2014-12-28',3,81,81,16,'',''),(17208,'2015-01-03',1,81,98,12,'',''),(17209,'2015-01-03',2,81,0,8,'',''),(17210,'2015-01-03',3,81,124,17,'',''),(17211,'2015-01-04',1,81,128,26,'',''),(17212,'2015-01-04',2,81,81,16,'',''),(17213,'2015-01-04',3,81,98,12,'',''),(17214,'2015-01-16',1,81,131,7,'',''),(17215,'2015-01-16',2,81,132,2,'',''),(17216,'2015-01-16',3,81,133,16,'',''),(17217,'2014-10-02',1,82,83,15,'',''),(17218,'2014-10-02',2,82,108,22,'',''),(17219,'2014-10-02',3,82,89,7,'',''),(17220,'2014-10-05',1,82,109,8,'',''),(17221,'2014-10-05',2,82,84,12,'',''),(17222,'2014-10-05',3,82,120,17,'',''),(17223,'2014-10-06',1,82,119,16,'',''),(17224,'2014-10-06',2,82,110,8,'',''),(17225,'2014-10-06',3,82,96,7,'',''),(17226,'2014-10-15',1,82,100,9,'',''),(17227,'2014-10-15',2,82,73,6,'',''),(17228,'2014-10-15',3,82,111,10,'',''),(17229,'2014-10-19',1,82,100,9,'',''),(17230,'2014-10-19',2,82,74,6,'',''),(17231,'2014-10-19',3,82,112,8,'',''),(17232,'2014-10-26',1,82,91,7,'',''),(17233,'2014-10-26',2,82,78,6,'',''),(17234,'2014-10-26',3,82,113,8,'',''),(17235,'2014-11-02',1,82,85,12,'',''),(17236,'2014-11-02',2,82,101,9,'',''),(17237,'2014-11-02',3,82,89,7,'',''),(17238,'2014-11-09',1,82,114,8,'',''),(17239,'2014-11-09',2,82,121,19,'',''),(17240,'2014-11-09',3,82,78,6,'',''),(17241,'2014-11-16',1,82,113,12,'',''),(17242,'2014-11-16',2,82,89,7,'',''),(17243,'2014-11-16',3,82,78,6,'',''),(17244,'2014-11-23',1,82,102,9,'',''),(17245,'2014-11-23',2,82,86,12,'',''),(17246,'2014-11-23',3,82,78,6,'',''),(17247,'2014-11-30',1,82,125,26,'',''),(17248,'2014-11-30',2,82,100,16,'',''),(17249,'2014-11-30',3,82,98,3,'',''),(17250,'2014-12-07',1,82,89,7,'',''),(17251,'2014-12-07',2,82,87,3,'',''),(17252,'2014-12-07',3,82,115,8,'',''),(17253,'2014-12-14',1,82,103,16,'',''),(17254,'2014-12-14',2,82,79,2,'',''),(17255,'2014-12-14',3,82,116,8,'',''),(17256,'2014-12-21',1,82,117,8,'',''),(17257,'2014-12-21',2,82,89,7,'',''),(17258,'2014-12-21',3,82,123,17,'',''),(17259,'2014-12-28',1,82,104,16,'',''),(17260,'2014-12-28',2,82,81,2,'',''),(17261,'2014-12-28',3,82,88,3,'',''),(17262,'2015-01-03',1,82,105,4,'',''),(17263,'2015-01-03',2,82,98,7,'',''),(17264,'2015-01-03',3,82,124,17,'',''),(17265,'2015-01-04',1,82,128,26,'',''),(17266,'2015-01-04',2,82,81,16,'',''),(17267,'2015-01-04',3,82,98,12,'',''),(17268,'2015-01-16',1,82,131,7,'',''),(17269,'2015-01-16',2,82,132,2,'',''),(17270,'2015-01-16',3,82,133,16,'',''),(17271,'2014-11-02',1,83,0,18,'',''),(17272,'2014-11-02',2,83,0,7,'',''),(17273,'2014-11-02',3,83,0,15,'',''),(17274,'2014-11-09',1,83,0,6,'',''),(17275,'2014-11-09',2,83,0,18,'',''),(17276,'2014-11-09',3,83,0,15,'',''),(17277,'2014-11-16',1,83,0,15,'',''),(17278,'2014-11-16',2,83,0,13,'',''),(17279,'2014-11-16',3,83,0,18,'',''),(17280,'2014-11-23',1,83,0,18,'',''),(17281,'2014-11-23',2,83,0,10,'',''),(17282,'2014-11-23',3,83,0,19,'',''),(17283,'2014-11-30',1,83,0,18,'',''),(17284,'2014-11-30',2,83,0,10,'',''),(17285,'2014-11-30',3,83,0,6,'',''),(17286,'2014-12-07',1,83,0,18,'',''),(17287,'2014-12-07',2,83,0,6,'',''),(17288,'2014-12-07',3,83,0,10,'',''),(17289,'2014-12-14',1,83,0,18,'',''),(17290,'2014-12-14',2,83,0,10,'',''),(17291,'2014-12-14',3,83,0,13,'',''),(17292,'2014-12-21',1,83,0,18,'',''),(17293,'2014-12-21',2,83,0,19,'',''),(17294,'2014-12-21',3,83,0,13,'',''),(17295,'2014-12-28',1,83,0,13,'',''),(17296,'2014-12-28',2,83,0,18,'',''),(17297,'2014-12-28',3,83,0,6,'',''),(17298,'2015-01-04',1,83,0,13,'',''),(17299,'2015-01-04',2,83,0,10,'',''),(17300,'2015-01-04',3,83,0,18,'',''),(17301,'2015-01-11',1,83,0,18,'',''),(17302,'2015-01-11',2,83,0,13,'',''),(17303,'2015-01-11',3,83,0,6,'',''),(17304,'2015-01-18',1,83,0,13,'',''),(17305,'2015-01-18',2,83,0,18,'',''),(17306,'2015-01-18',3,83,0,19,'',''),(17307,'2015-01-25',1,83,0,18,'',''),(17308,'2015-01-25',2,83,0,10,'',''),(17309,'2015-01-25',3,83,0,13,'',''),(17310,'2015-02-01',1,83,0,6,'',''),(17311,'2015-02-01',2,83,0,18,'',''),(17312,'2015-02-01',3,83,0,18,'',''),(17313,'2015-02-03',1,83,0,18,'',''),(17314,'2015-02-03',2,83,0,13,'',''),(17315,'2015-02-03',3,83,0,18,'',''),(17316,'2015-02-05',1,83,0,6,'',''),(17317,'2015-02-05',2,83,0,10,'',''),(17318,'2015-02-05',3,83,0,19,'',''),(17319,'2015-02-07',1,83,0,10,'',''),(17320,'2015-02-07',2,83,0,18,'',''),(17321,'2015-02-07',3,83,0,18,'',''),(17322,'2015-02-10',1,83,0,13,'',''),(17323,'2015-02-10',2,83,0,18,'',''),(17324,'2015-02-10',3,83,0,18,'',''),(17325,'2015-02-12',1,83,0,6,'',''),(17326,'2015-02-12',2,83,0,10,'',''),(17327,'2015-02-12',3,83,0,19,'',''),(17328,'2015-02-14',1,83,0,13,'',''),(17329,'2015-02-14',2,83,0,18,'',''),(17330,'2015-02-14',3,83,0,18,'',''),(17331,'2014-09-03',1,84,90,7,'',''),(17332,'2014-09-03',2,84,73,6,'',''),(17333,'2014-09-03',3,84,83,15,'',''),(17334,'2014-09-04',1,84,78,2,'',''),(17335,'2014-09-04',2,84,74,6,'',''),(17336,'2014-09-04',3,84,108,11,'',''),(17337,'2014-09-09',1,84,78,2,'',''),(17338,'2014-09-09',2,84,100,8,'',''),(17339,'2014-09-09',3,84,78,2,'',''),(17340,'2014-09-10',1,84,78,2,'',''),(17341,'2014-09-10',2,84,96,25,'',''),(17342,'2014-09-10',3,84,96,25,'',''),(17343,'2014-09-11',1,84,121,19,'',''),(17344,'2014-09-11',2,84,89,25,'',''),(17345,'2014-09-11',3,84,89,25,'',''),(17346,'2014-09-16',1,84,125,29,'',''),(17347,'2014-09-16',2,84,81,23,'',''),(17348,'2014-09-16',3,84,98,12,'',''),(17349,'2014-09-17',1,84,109,11,'',''),(17350,'2014-09-17',2,84,121,19,'',''),(17351,'2014-09-17',3,84,84,15,'',''),(17352,'2014-09-18',1,84,85,15,'',''),(17353,'2014-09-18',2,84,100,8,'',''),(17354,'2014-09-18',3,84,101,8,'',''),(17355,'2014-09-23',1,84,79,2,'',''),(17356,'2014-09-23',2,84,111,11,'',''),(17357,'2014-09-23',3,84,87,3,'',''),(17358,'2014-09-24',1,84,89,7,'',''),(17359,'2014-09-24',2,84,121,19,'',''),(17360,'2014-09-24',3,84,112,11,'',''),(17361,'2014-09-25',1,84,102,8,'',''),(17362,'2014-09-25',2,84,89,12,'',''),(17363,'2014-09-25',3,84,113,11,'',''),(17364,'2014-09-30',1,84,123,16,'',''),(17365,'2014-09-30',2,84,114,11,'',''),(17366,'2014-09-30',3,84,96,7,'',''),(17367,'2014-10-07',1,84,115,11,'',''),(17368,'2014-10-07',2,84,103,4,'',''),(17369,'2014-10-07',3,84,97,7,'',''),(17370,'2014-10-09',1,84,124,16,'',''),(17371,'2014-10-09',2,84,98,7,'',''),(17372,'2014-10-09',3,84,104,4,'',''),(17373,'2014-10-10',1,84,80,2,'',''),(17374,'2014-10-10',2,84,105,20,'',''),(17375,'2014-10-10',3,84,116,11,'',''),(17376,'2014-10-14',1,84,88,3,'',''),(17377,'2014-10-14',2,84,106,20,'',''),(17378,'2014-10-14',3,84,117,11,'',''),(17379,'2014-10-16',1,84,128,26,'',''),(17380,'2014-10-16',2,84,81,5,'',''),(17381,'2014-10-16',3,84,98,12,'',''),(17382,'2014-10-21',1,84,118,11,'',''),(17383,'2014-10-21',2,84,81,2,'',''),(17384,'2014-10-21',3,84,87,3,'',''),(17385,'2014-10-23',1,84,97,7,'',''),(17386,'2014-10-23',2,84,123,16,'',''),(17387,'2014-10-23',3,84,82,2,'',''),(17388,'2014-10-24',1,84,131,7,'',''),(17389,'2014-10-24',2,84,132,2,'',''),(17390,'2014-10-24',3,84,133,16,'',''),(17391,'2014-10-02',2,85,0,15,'',''),(17392,'2014-10-02',3,85,0,12,'',''),(17393,'2014-10-03',1,85,0,6,'',''),(17394,'2014-10-03',2,85,0,10,'',''),(17395,'2014-10-03',3,85,0,10,'',''),(17396,'2014-10-04',1,85,0,15,'',''),(17397,'2014-10-04',2,85,0,15,'',''),(17398,'2014-10-04',3,85,0,8,'',''),(17399,'2014-10-05',1,85,0,10,'',''),(17400,'2014-10-05',2,85,0,8,'',''),(17401,'2014-10-05',3,85,0,12,'',''),(17402,'2014-10-06',1,85,0,8,'',''),(17403,'2014-10-06',2,85,0,12,'',''),(17404,'2014-10-06',3,85,0,6,'',''),(17405,'2014-11-07',1,85,0,4,'',''),(17406,'2014-11-07',2,85,0,13,'',''),(17407,'2014-11-07',3,85,0,16,'',''),(17408,'2014-11-08',1,85,0,12,'',''),(17409,'2014-11-08',2,85,0,15,'',''),(17410,'2014-11-08',3,85,0,6,'',''),(17411,'2014-11-09',1,85,0,26,'',''),(17412,'2014-11-09',2,85,0,15,'',''),(17413,'2014-11-09',3,85,0,18,'',''),(17414,'2014-11-10',1,85,0,4,'',''),(17415,'2014-11-10',2,85,0,13,'',''),(17416,'2014-11-10',3,85,0,12,'',''),(17417,'2014-11-11',1,85,0,4,'',''),(17418,'2014-11-11',2,85,0,12,'',''),(17419,'2014-11-11',3,85,0,13,'',''),(17420,'2015-01-24',1,85,0,12,'',''),(17421,'2015-01-24',2,85,0,13,'',''),(17422,'2015-01-24',3,85,0,4,'',''),(17423,'2015-01-25',1,85,0,12,'',''),(17424,'2015-01-25',2,85,0,13,'',''),(17425,'2015-01-25',3,85,0,3,'',''),(17426,'2015-01-26',1,85,0,12,'',''),(17427,'2015-01-26',2,85,0,13,'',''),(17428,'2015-01-26',3,85,0,20,'',''),(17429,'2015-01-28',1,85,0,20,'',''),(17430,'2015-01-28',2,85,0,16,'',''),(17431,'2015-01-28',3,85,0,16,'',''),(17432,'2015-01-29',1,85,0,12,'',''),(17433,'2015-01-29',2,85,0,16,'',''),(17434,'2015-01-29',3,85,0,3,'',''),(17435,'2015-01-30',1,85,0,13,'',''),(17436,'2015-01-30',2,85,0,4,'',''),(17437,'2015-01-30',3,85,0,13,'',''),(17438,'2015-02-01',1,85,0,29,'',''),(17439,'2015-02-01',2,85,0,12,'',''),(17440,'2015-02-01',3,85,0,19,'',''),(17441,'2015-02-02',1,85,0,20,'',''),(17442,'2015-02-02',2,85,0,13,'',''),(17443,'2015-02-02',3,85,0,4,'',''),(17444,'2015-02-03',1,85,0,3,'',''),(17445,'2015-02-03',2,85,0,16,'',''),(17446,'2015-02-03',3,85,0,13,'',''),(17447,'2015-02-04',1,85,0,2,'',''),(17448,'2015-02-04',2,85,0,7,'',''),(17449,'2015-02-04',3,85,0,16,'',''),(17450,'2015-07-29',1,86,99,20,'',''),(17451,'2015-07-29',2,86,121,17,'',''),(17452,'2015-07-29',3,86,108,7,'',''),(17453,'2015-07-30',1,86,109,7,'',''),(17454,'2015-07-30',2,86,89,14,'',''),(17455,'2015-07-30',3,86,73,2,'',''),(17456,'2015-07-31',1,86,100,20,'',''),(17457,'2015-07-31',2,86,111,7,'',''),(17458,'2015-07-31',3,86,83,15,'',''),(17459,'2015-08-02',1,86,112,22,'',''),(17460,'2015-08-02',2,86,90,14,'',''),(17461,'2015-08-02',3,86,84,15,'',''),(17462,'2015-08-03',1,86,74,2,'',''),(17463,'2015-08-03',2,86,121,17,'',''),(17464,'2015-08-03',3,86,91,14,'',''),(17465,'2015-08-04',1,86,101,20,'',''),(17466,'2015-08-04',2,86,85,15,'',''),(17467,'2015-08-04',3,86,78,5,'',''),(17468,'2015-08-05',1,86,78,5,'',''),(17469,'2015-08-05',2,86,92,14,'',''),(17470,'2015-08-05',3,86,113,7,'',''),(17471,'2015-08-27',1,86,114,7,'',''),(17472,'2015-08-27',2,86,134,9,'',''),(17473,'2015-08-27',3,86,78,5,'',''),(17474,'2015-08-28',1,86,115,7,'',''),(17475,'2015-08-28',2,86,86,15,'',''),(17476,'2015-08-28',3,86,78,5,'',''),(17477,'2015-08-30',1,86,121,17,'',''),(17478,'2015-08-30',2,86,93,14,'',''),(17479,'2015-08-30',3,86,116,7,'',''),(17480,'2015-08-31',1,86,125,26,'',''),(17481,'2015-08-31',2,86,98,3,'',''),(17482,'2015-08-31',3,86,81,5,'',''),(17483,'2015-09-06',1,86,117,7,'',''),(17484,'2015-09-06',2,86,94,14,'',''),(17485,'2015-09-06',3,86,134,9,'',''),(17486,'2015-09-07',1,86,95,14,'',''),(17487,'2015-09-07',2,86,123,17,'',''),(17488,'2015-09-07',3,86,103,2,'',''),(17489,'2015-09-13',1,86,0,7,'',''),(17490,'2015-09-13',2,86,96,14,'',''),(17491,'2015-09-13',3,86,79,2,'',''),(17492,'2015-09-14',1,86,98,14,'',''),(17493,'2015-09-14',2,86,104,2,'',''),(17494,'2015-09-14',3,86,87,3,'',''),(17495,'2015-09-20',1,86,0,7,'',''),(17496,'2015-09-20',2,86,124,17,'',''),(17497,'2015-09-20',3,86,80,2,'',''),(17498,'2015-09-21',1,86,105,2,'',''),(17499,'2015-09-21',2,86,98,14,'',''),(17500,'2015-09-21',3,86,88,3,'',''),(17501,'2015-09-27',1,86,79,2,'',''),(17502,'2015-09-27',2,86,108,7,'',''),(17503,'2015-09-27',3,86,104,4,'',''),(17504,'2015-10-12',1,86,125,26,'',''),(17505,'2015-10-12',2,86,81,5,'',''),(17506,'2015-10-12',3,86,98,14,'',''),(17507,'2015-10-21',1,86,133,3,'',''),(17508,'2015-10-21',2,86,132,20,'',''),(17509,'2015-10-21',3,86,131,11,'',''),(17510,'2014-09-08',1,87,89,10,'',''),(17511,'2014-09-08',2,87,108,7,'',''),(17512,'2014-09-08',3,87,73,5,'',''),(17513,'2014-09-14',1,87,83,3,'',''),(17514,'2014-09-14',2,87,119,19,'',''),(17515,'2014-09-14',3,87,109,7,'',''),(17516,'2014-09-20',1,87,78,23,'',''),(17517,'2014-09-20',2,87,111,22,'',''),(17518,'2014-09-20',3,87,112,22,'',''),(17519,'2014-09-21',1,87,120,19,'',''),(17520,'2014-09-21',2,87,78,23,'',''),(17521,'2014-09-21',3,87,100,20,'',''),(17522,'2014-10-02',1,87,113,8,'',''),(17523,'2014-10-02',2,87,84,12,'',''),(17524,'2014-10-02',3,87,121,19,'',''),(17525,'2014-10-04',1,87,125,24,'',''),(17526,'2014-10-04',2,87,98,15,'',''),(17527,'2014-10-04',3,87,81,8,'',''),(17528,'2014-10-06',1,87,90,10,'',''),(17529,'2014-10-06',2,87,110,7,'',''),(17530,'2014-10-06',3,87,78,2,'',''),(17531,'2014-10-12',1,87,100,20,'',''),(17532,'2014-10-12',2,87,91,10,'',''),(17533,'2014-10-12',3,87,93,10,'',''),(17534,'2014-10-18',1,87,114,8,'',''),(17535,'2014-10-18',2,87,101,20,'',''),(17536,'2014-10-18',3,87,78,2,'',''),(17537,'2014-10-19',1,87,122,19,'',''),(17538,'2014-10-19',2,87,93,10,'',''),(17539,'2014-10-19',3,87,94,10,'',''),(17540,'2014-10-25',1,87,85,3,'',''),(17541,'2014-10-25',2,87,117,8,'',''),(17542,'2014-10-25',3,87,95,10,'',''),(17543,'2014-10-26',1,87,102,20,'',''),(17544,'2014-10-26',2,87,113,8,'',''),(17545,'2014-10-26',3,87,78,2,'',''),(17546,'2014-11-01',1,87,123,17,'',''),(17547,'2014-11-01',2,87,96,10,'',''),(17548,'2014-11-01',3,87,87,3,'',''),(17549,'2014-11-02',1,87,97,10,'',''),(17550,'2014-11-02',2,87,114,8,'',''),(17551,'2014-11-02',3,87,103,20,'',''),(17552,'2014-11-08',1,87,117,8,'',''),(17553,'2014-11-08',2,87,79,2,'',''),(17554,'2014-11-08',3,87,124,17,'',''),(17555,'2014-11-09',1,87,104,20,'',''),(17556,'2014-11-09',2,87,104,20,'',''),(17557,'2014-11-09',3,87,80,2,'',''),(17558,'2014-11-15',1,87,105,20,'',''),(17559,'2014-11-15',2,87,108,7,'',''),(17560,'2014-11-15',3,87,81,2,'',''),(17561,'2014-11-16',1,87,128,26,'',''),(17562,'2014-11-16',2,87,81,5,'',''),(17563,'2014-11-16',3,87,98,12,'',''),(17564,'2014-11-20',1,87,98,7,'',''),(17565,'2014-11-20',2,87,109,8,'',''),(17566,'2014-11-20',3,87,88,3,'',''),(17567,'2014-11-21',1,87,131,7,'',''),(17568,'2014-11-21',2,87,132,2,'',''),(17569,'2014-11-21',3,87,131,16,'',''),(17570,'2014-09-06',1,88,89,14,'',''),(17571,'2014-09-06',2,88,108,27,'',''),(17572,'2014-09-06',3,88,109,27,'',''),(17573,'2014-09-13',1,88,119,19,'',''),(17574,'2014-09-13',2,88,110,27,'',''),(17575,'2014-09-13',3,88,111,27,'',''),(17576,'2014-09-20',1,88,73,6,'',''),(17577,'2014-09-20',2,88,99,23,'',''),(17578,'2014-09-20',3,88,120,19,'',''),(17579,'2014-09-27',1,88,90,14,'',''),(17580,'2014-09-27',2,88,112,9,'',''),(17581,'2014-09-27',3,88,74,6,'',''),(17582,'2014-10-06',1,88,91,14,'',''),(17583,'2014-10-06',2,88,78,6,'',''),(17584,'2014-10-06',3,88,83,12,'',''),(17585,'2014-10-12',1,88,113,22,'',''),(17586,'2014-10-12',2,88,100,18,'',''),(17587,'2014-10-12',3,88,78,6,'',''),(17588,'2014-10-18',1,88,84,12,'',''),(17589,'2014-10-18',2,88,114,9,'',''),(17590,'2014-10-18',3,88,92,14,'',''),(17591,'2014-10-25',1,88,93,14,'',''),(17592,'2014-10-25',2,88,113,9,'',''),(17593,'2014-10-25',3,88,78,6,'',''),(17594,'2014-11-01',1,88,94,14,'',''),(17595,'2014-11-01',2,88,78,6,'',''),(17596,'2014-11-01',3,88,85,12,'',''),(17597,'2014-11-15',1,88,125,26,'',''),(17598,'2014-11-15',2,88,100,16,'',''),(17599,'2014-11-15',3,88,98,6,'',''),(17600,'2014-11-17',1,88,95,14,'',''),(17601,'2014-11-17',2,88,101,4,'',''),(17602,'2014-11-17',3,88,86,12,'',''),(17603,'2014-11-22',1,88,115,9,'',''),(17604,'2014-11-22',2,88,102,4,'',''),(17605,'2014-11-22',3,88,121,19,'',''),(17606,'2014-11-29',1,88,116,9,'',''),(17607,'2014-11-29',2,88,96,14,'',''),(17608,'2014-11-29',3,88,79,2,'',''),(17609,'2014-12-06',1,88,103,4,'',''),(17610,'2014-12-06',2,88,122,19,'',''),(17611,'2014-12-06',3,88,87,3,'',''),(17612,'2014-12-13',1,88,117,9,'',''),(17613,'2014-12-13',2,88,80,2,'',''),(17614,'2014-12-13',3,88,97,14,'',''),(17615,'2014-12-20',1,88,104,4,'',''),(17616,'2014-12-20',2,88,98,14,'',''),(17617,'2014-12-20',3,88,123,17,'',''),(17618,'2014-12-30',1,88,105,4,'',''),(17619,'2014-12-30',2,88,87,3,'',''),(17620,'2014-12-30',3,88,124,17,'',''),(17621,'2014-12-31',1,88,128,29,'',''),(17622,'2014-12-31',2,88,81,5,'',''),(17623,'2014-12-31',3,88,98,11,'',''),(17624,'2015-01-02',1,88,118,7,'',''),(17625,'2015-01-02',2,88,106,4,'',''),(17626,'2015-01-02',3,88,81,2,'',''),(17627,'2015-01-16',1,88,131,7,'',''),(17628,'2015-01-16',2,88,132,2,'',''),(17629,'2015-01-16',3,88,133,16,'',''),(17630,'2014-09-23',2,89,108,13,'',''),(17631,'2014-09-23',3,89,96,7,'',''),(17632,'2014-09-24',1,89,83,14,'',''),(17633,'2014-09-24',2,89,96,25,'',''),(17634,'2014-09-24',3,89,96,25,'',''),(17635,'2014-09-25',1,89,120,19,'',''),(17636,'2014-09-25',2,89,84,15,'',''),(17637,'2014-09-25',3,89,73,6,'',''),(17638,'2014-09-26',1,89,109,13,'',''),(17639,'2014-09-26',2,89,96,7,'',''),(17640,'2014-09-26',3,89,100,20,'',''),(17641,'2014-09-28',1,89,110,13,'',''),(17642,'2014-09-28',2,89,111,13,'',''),(17643,'2014-09-28',3,89,74,6,'',''),(17644,'2014-09-29',1,89,100,20,'',''),(17645,'2014-09-29',2,89,96,25,'',''),(17646,'2014-09-29',3,89,96,25,'',''),(17647,'2014-09-30',1,89,78,6,'',''),(17648,'2014-09-30',2,89,96,25,'',''),(17649,'2014-09-30',3,89,98,25,'',''),(17650,'2014-10-07',1,89,125,29,'',''),(17651,'2014-10-07',2,89,96,7,'',''),(17652,'2014-10-07',3,89,111,10,'',''),(17653,'2014-10-08',1,89,78,6,'',''),(17654,'2014-10-08',2,89,101,9,'',''),(17655,'2014-10-08',3,89,85,15,'',''),(17656,'2014-10-09',1,89,86,15,'',''),(17657,'2014-10-09',2,89,121,16,'',''),(17658,'2014-10-09',3,89,98,7,'',''),(17659,'2014-10-10',1,89,122,16,'',''),(17660,'2014-10-10',2,89,112,13,'',''),(17661,'2014-10-10',3,89,87,3,'',''),(17662,'2014-10-12',1,89,113,13,'',''),(17663,'2014-10-12',2,89,102,9,'',''),(17664,'2014-10-12',3,89,123,17,'',''),(17665,'2014-10-13',1,89,103,20,'',''),(17666,'2014-10-13',2,89,78,6,'',''),(17667,'2014-10-13',3,89,114,9,'',''),(17668,'2014-10-14',1,89,79,2,'',''),(17669,'2014-10-14',2,89,88,3,'',''),(17670,'2014-10-14',3,89,113,9,'',''),(17671,'2014-10-15',1,89,80,2,'',''),(17672,'2014-10-15',2,89,115,9,'',''),(17673,'2014-10-15',3,89,116,9,'',''),(17674,'2014-10-16',1,89,104,20,'',''),(17675,'2014-10-16',2,89,79,4,'',''),(17676,'2014-10-16',3,89,98,7,'',''),(17677,'2014-10-20',1,89,117,9,'',''),(17678,'2014-10-20',2,89,80,4,'',''),(17679,'2014-10-20',3,89,124,17,'',''),(17680,'2014-10-21',1,89,105,20,'',''),(17681,'2014-10-21',2,89,87,3,'',''),(17682,'2014-10-21',3,89,118,13,'',''),(17683,'2014-10-22',1,89,128,29,'',''),(17684,'2014-10-22',2,89,98,11,'',''),(17685,'2014-10-22',3,89,81,5,'',''),(17686,'2014-10-24',1,89,131,7,'',''),(17687,'2014-10-24',2,89,132,2,'',''),(17688,'2014-10-24',3,89,133,16,'',''),(17689,'2014-09-08',1,90,99,5,'',''),(17690,'2014-09-08',2,90,83,14,'',''),(17691,'2014-09-08',3,90,89,7,'',''),(17692,'2014-09-13',1,90,73,5,'',''),(17693,'2014-09-13',2,90,108,31,'',''),(17694,'2014-09-13',3,90,109,31,'',''),(17695,'2014-09-14',1,90,96,15,'',''),(17696,'2014-09-14',2,90,90,11,'',''),(17697,'2014-09-14',3,90,119,19,'',''),(17698,'2014-09-20',1,90,100,5,'',''),(17699,'2014-09-20',2,90,74,6,'',''),(17700,'2014-09-20',3,90,110,8,'',''),(17701,'2014-09-21',1,90,96,15,'',''),(17702,'2014-09-21',2,90,91,11,'',''),(17703,'2014-09-21',3,90,111,8,'',''),(17704,'2014-09-27',1,90,96,15,'',''),(17705,'2014-09-27',2,90,84,14,'',''),(17706,'2014-09-27',3,90,120,19,'',''),(17707,'2014-10-02',1,90,92,11,'',''),(17708,'2014-10-02',2,90,112,8,'',''),(17709,'2014-10-02',3,90,113,8,'',''),(17710,'2014-10-03',1,90,85,14,'',''),(17711,'2014-10-03',2,90,78,2,'',''),(17712,'2014-10-03',3,90,121,19,'',''),(17713,'2014-10-04',1,90,114,8,'',''),(17714,'2014-10-04',2,90,93,11,'',''),(17715,'2014-10-04',3,90,78,6,'',''),(17716,'2014-10-07',1,90,86,14,'',''),(17717,'2014-10-07',2,90,94,11,'',''),(17718,'2014-10-07',3,90,122,19,'',''),(17719,'2014-10-12',1,90,113,8,'',''),(17720,'2014-10-12',2,90,95,7,'',''),(17721,'2014-10-12',3,90,78,6,'',''),(17722,'2014-10-18',1,90,125,24,'',''),(17723,'2014-10-18',2,90,81,16,'',''),(17724,'2014-10-18',3,90,98,12,'',''),(17725,'2014-10-19',1,90,115,8,'',''),(17726,'2014-10-19',2,90,101,5,'',''),(17727,'2014-10-19',3,90,78,6,'',''),(17728,'2014-10-25',1,90,102,5,'',''),(17729,'2014-10-25',2,90,79,2,'',''),(17730,'2014-10-25',3,90,96,7,'',''),(17731,'2014-10-26',1,90,116,8,'',''),(17732,'2014-10-26',2,90,123,17,'',''),(17733,'2014-10-26',3,90,87,3,'',''),(17734,'2014-11-01',1,90,97,7,'',''),(17735,'2014-11-01',2,90,103,4,'',''),(17736,'2014-11-01',3,90,117,8,'',''),(17737,'2014-11-02',1,90,80,2,'',''),(17738,'2014-11-02',2,90,88,3,'',''),(17739,'2014-11-02',3,90,0,8,'',''),(17740,'2014-11-08',1,90,98,7,'',''),(17741,'2014-11-08',2,90,104,4,'',''),(17742,'2014-11-08',3,90,81,2,'',''),(17743,'2014-11-09',1,90,128,26,'',''),(17744,'2014-11-09',2,90,98,12,'',''),(17745,'2014-11-09',3,90,81,5,'',''),(17746,'2014-11-15',1,90,105,4,'',''),(17747,'2014-11-15',2,90,0,7,'',''),(17748,'2014-11-15',3,90,124,17,'',''),(17749,'2014-11-16',1,90,98,7,'',''),(17750,'2014-11-16',2,90,82,2,'',''),(17751,'2014-11-16',3,90,87,3,'',''),(17752,'2014-11-21',1,90,131,7,'',''),(17753,'2014-11-21',2,90,132,2,'',''),(17754,'2014-11-21',3,90,131,16,'',''),(17755,'2014-08-04',1,91,108,7,'',''),(17756,'2014-08-04',2,91,73,2,'',''),(17757,'2014-08-04',3,91,83,3,'',''),(17758,'2014-08-08',1,91,74,34,'',''),(17759,'2014-08-08',2,91,99,9,'',''),(17760,'2014-08-08',3,91,100,9,'',''),(17761,'2014-08-11',1,91,109,7,'',''),(17762,'2014-08-11',2,91,89,11,'',''),(17763,'2014-08-11',3,91,119,16,'',''),(17764,'2014-08-14',1,91,84,15,'',''),(17765,'2014-08-14',2,91,90,11,'',''),(17766,'2014-08-14',3,91,110,7,'',''),(17767,'2014-08-15',1,91,101,9,'',''),(17768,'2014-08-15',2,91,91,12,'',''),(17769,'2014-08-15',3,91,73,34,'',''),(17770,'2014-08-17',1,91,120,16,'',''),(17771,'2014-08-17',2,91,111,22,'',''),(17772,'2014-08-17',3,91,112,22,'',''),(17773,'2014-08-18',1,91,113,7,'',''),(17774,'2014-08-18',2,91,114,7,'',''),(17775,'2014-08-18',3,91,92,11,'',''),(17776,'2014-08-20',1,91,121,16,'',''),(17777,'2014-08-20',2,91,0,19,'',''),(17778,'2014-08-20',3,91,93,11,'',''),(17779,'2014-08-21',1,91,94,11,'',''),(17780,'2014-08-21',2,91,85,15,'',''),(17781,'2014-08-21',3,91,102,9,'',''),(17782,'2014-08-22',1,91,86,3,'',''),(17783,'2014-08-22',2,91,95,11,'',''),(17784,'2014-08-22',3,91,113,7,'',''),(17785,'2014-08-25',1,91,0,19,'',''),(17786,'2014-08-25',2,91,78,34,'',''),(17787,'2014-08-25',3,91,78,34,'',''),(17788,'2014-08-27',1,91,125,29,'',''),(17789,'2014-08-27',2,91,81,34,'',''),(17790,'2014-08-27',3,91,98,15,'',''),(17791,'2014-08-29',1,91,0,19,'',''),(17792,'2014-08-29',2,91,122,16,'',''),(17793,'2014-08-29',3,91,115,7,'',''),(17794,'2014-08-31',1,91,96,11,'',''),(17795,'2014-08-31',2,91,103,20,'',''),(17796,'2014-08-31',3,91,79,2,'',''),(17797,'2014-09-06',1,91,104,20,'',''),(17798,'2014-09-06',2,91,78,23,'',''),(17799,'2014-09-06',3,91,87,3,'',''),(17800,'2014-09-13',1,91,78,23,'',''),(17801,'2014-09-13',2,91,116,7,'',''),(17802,'2014-09-13',3,91,123,16,'',''),(17803,'2014-09-20',1,91,80,2,'',''),(17804,'2014-09-20',2,91,117,7,'',''),(17805,'2014-09-20',3,91,97,11,'',''),(17806,'2014-09-27',1,91,88,7,'',''),(17807,'2014-09-27',2,91,0,11,'',''),(17808,'2014-09-27',3,91,124,17,'',''),(17809,'2014-10-02',1,91,105,4,'',''),(17810,'2014-10-02',2,91,0,7,'',''),(17811,'2014-10-02',3,91,81,2,'',''),(17812,'2014-10-04',1,91,98,11,'',''),(17813,'2014-10-04',2,91,0,19,'',''),(17814,'2014-10-04',3,91,123,16,'',''),(17815,'2014-10-06',1,91,106,4,'',''),(17816,'2014-10-06',2,91,82,2,'',''),(17817,'2014-10-06',3,91,0,19,'',''),(17818,'2014-10-12',1,91,125,26,'',''),(17819,'2014-10-12',2,91,81,5,'',''),(17820,'2014-10-12',3,91,98,14,'',''),(17821,'2014-10-18',1,91,98,7,'',''),(17822,'2014-10-18',2,91,81,2,'',''),(17823,'2014-10-18',3,91,87,3,'',''),(17824,'2014-10-24',1,91,131,7,'',''),(17825,'2014-10-24',2,91,132,2,'',''),(17826,'2014-10-24',3,91,131,16,'',''),(17827,'2014-10-07',1,92,108,8,'',''),(17828,'2014-10-07',2,92,73,6,'',''),(17829,'2014-10-07',3,92,109,8,'',''),(17830,'2014-10-12',1,92,83,15,'',''),(17831,'2014-10-12',2,92,89,22,'',''),(17832,'2014-10-12',3,92,90,22,'',''),(17833,'2014-10-18',1,92,91,13,'',''),(17834,'2014-10-18',2,92,84,15,'',''),(17835,'2014-10-18',3,92,99,20,'',''),(17836,'2014-10-19',1,92,74,5,'',''),(17837,'2014-10-19',2,92,119,17,'',''),(17838,'2014-10-19',3,92,100,20,'',''),(17839,'2014-10-25',1,92,92,13,'',''),(17840,'2014-10-25',2,92,110,10,'',''),(17841,'2014-10-25',3,92,0,19,'',''),(17842,'2014-10-26',1,92,85,15,'',''),(17843,'2014-10-26',2,92,0,19,'',''),(17844,'2014-10-26',3,92,111,10,'',''),(17845,'2014-11-01',1,92,0,19,'',''),(17846,'2014-11-01',2,92,93,13,'',''),(17847,'2014-11-01',3,92,112,10,'',''),(17848,'2014-11-02',1,92,94,13,'',''),(17849,'2014-11-02',2,92,86,15,'',''),(17850,'2014-11-02',3,92,111,10,'',''),(17851,'2014-11-08',1,92,120,16,'',''),(17852,'2014-11-08',2,92,101,9,'',''),(17853,'2014-11-08',3,92,113,10,'',''),(17854,'2014-11-09',1,92,0,19,'',''),(17855,'2014-11-09',2,92,95,13,'',''),(17856,'2014-11-09',3,92,114,10,'',''),(17857,'2014-11-15',1,92,0,19,'',''),(17858,'2014-11-15',2,92,78,6,'',''),(17859,'2014-11-15',3,92,113,10,'',''),(17860,'2014-11-16',1,92,125,26,'',''),(17861,'2014-11-16',2,92,81,16,'',''),(17862,'2014-11-16',3,92,98,15,'',''),(17863,'2014-11-22',1,92,121,16,'',''),(17864,'2014-11-22',2,92,78,6,'',''),(17865,'2014-11-22',3,92,115,8,'',''),(17866,'2014-11-23',1,92,87,3,'',''),(17867,'2014-11-23',2,92,102,9,'',''),(17868,'2014-11-23',3,92,96,13,'',''),(17869,'2014-11-29',1,92,103,4,'',''),(17870,'2014-11-29',2,92,78,6,'',''),(17871,'2014-11-29',3,92,122,16,'',''),(17872,'2014-11-30',1,92,116,8,'',''),(17873,'2014-11-30',2,92,78,6,'',''),(17874,'2014-11-30',3,92,97,13,'',''),(17875,'2014-12-06',1,92,123,16,'',''),(17876,'2014-12-06',2,92,79,2,'',''),(17877,'2014-12-06',3,92,104,4,'',''),(17878,'2014-12-07',1,92,117,8,'',''),(17879,'2014-12-07',2,92,80,2,'',''),(17880,'2014-12-07',3,92,98,13,'',''),(17881,'2014-12-13',1,92,0,19,'',''),(17882,'2014-12-13',2,92,124,16,'',''),(17883,'2014-12-13',3,92,105,4,'',''),(17884,'2014-12-14',1,92,81,2,'',''),(17885,'2014-12-14',2,92,0,8,'',''),(17886,'2014-12-14',3,92,88,3,'',''),(17887,'2014-12-20',1,92,98,13,'',''),(17888,'2014-12-20',2,92,106,4,'',''),(17889,'2014-12-20',3,92,82,2,'',''),(17890,'2014-12-21',1,92,125,26,'',''),(17891,'2014-12-21',2,92,81,5,'',''),(17892,'2014-12-21',3,92,98,14,'',''),(17893,'2014-12-25',1,92,81,4,'',''),(17894,'2014-12-25',2,92,87,3,'',''),(17895,'2014-12-25',3,92,108,8,'',''),(17896,'2014-12-26',1,92,131,7,'',''),(17897,'2014-12-26',2,92,132,2,'',''),(17898,'2014-12-26',3,92,131,16,'',''),(17899,'2014-12-20',1,93,108,10,'',''),(17900,'2014-12-20',2,93,83,12,'',''),(17901,'2014-12-20',3,93,73,5,'',''),(17902,'2014-12-27',1,93,74,5,'',''),(17903,'2014-12-27',2,93,89,11,'',''),(17904,'2014-12-27',3,93,99,9,'',''),(17905,'2015-01-02',1,93,73,5,'',''),(17906,'2015-01-02',2,93,90,11,'',''),(17907,'2015-01-02',3,93,119,16,'',''),(17908,'2015-01-03',1,93,109,10,'',''),(17909,'2015-01-03',2,93,100,9,'',''),(17910,'2015-01-03',3,93,84,12,'',''),(17911,'2015-01-10',1,93,101,9,'',''),(17912,'2015-01-10',2,93,91,11,'',''),(17913,'2015-01-10',3,93,110,10,'',''),(17914,'2015-01-17',1,93,111,10,'',''),(17915,'2015-01-17',2,93,120,16,'',''),(17916,'2015-01-17',3,93,78,5,'',''),(17917,'2015-01-24',1,93,112,10,'',''),(17918,'2015-01-24',2,93,92,11,'',''),(17919,'2015-01-24',3,93,78,5,'',''),(17920,'2015-01-25',1,93,121,16,'',''),(17921,'2015-01-25',2,93,85,12,'',''),(17922,'2015-01-25',3,93,113,10,'',''),(17923,'2015-01-27',1,93,102,9,'',''),(17924,'2015-01-27',2,93,93,11,'',''),(17925,'2015-01-27',3,93,86,12,'',''),(17926,'2015-01-28',1,93,114,10,'',''),(17927,'2015-01-28',2,93,94,11,'',''),(17928,'2015-01-28',3,93,134,18,'',''),(17929,'2015-01-30',1,93,125,24,'',''),(17930,'2015-01-30',2,93,81,5,'',''),(17931,'2015-01-30',3,93,98,7,'',''),(17932,'2015-01-31',1,93,134,18,'',''),(17933,'2015-01-31',2,93,95,11,'',''),(17934,'2015-01-31',3,93,113,10,'',''),(17935,'2015-02-02',1,93,103,4,'',''),(17936,'2015-02-02',2,93,134,18,'',''),(17937,'2015-02-02',3,93,115,10,'',''),(17938,'2015-02-03',1,93,104,4,'',''),(17939,'2015-02-03',2,93,134,18,'',''),(17940,'2015-02-03',3,93,96,11,'',''),(17941,'2015-02-05',1,93,116,10,'',''),(17942,'2015-02-05',2,93,78,5,'',''),(17943,'2015-02-05',3,93,122,16,'',''),(17944,'2015-02-06',1,93,87,3,'',''),(17945,'2015-02-06',2,93,78,5,'',''),(17946,'2015-02-06',3,93,123,16,'',''),(17947,'2015-02-08',1,93,117,10,'',''),(17948,'2015-02-08',2,93,97,11,'',''),(17949,'2015-02-08',3,93,79,2,'',''),(17950,'2015-02-09',1,93,0,10,'',''),(17951,'2015-02-09',2,93,105,4,'',''),(17952,'2015-02-09',3,93,134,18,'',''),(17953,'2015-02-11',1,93,0,10,'',''),(17954,'2015-02-11',2,93,124,16,'',''),(17955,'2015-02-11',3,93,80,2,'',''),(17956,'2015-02-12',1,93,98,7,'',''),(17957,'2015-02-12',2,93,88,3,'',''),(17958,'2015-02-12',3,93,81,5,'',''),(17959,'2015-02-14',1,93,106,4,'',''),(17960,'2015-02-14',2,93,123,16,'',''),(17961,'2015-02-14',3,93,82,5,'',''),(17962,'2015-02-15',1,93,98,7,'',''),(17963,'2015-02-15',2,93,81,2,'',''),(17964,'2015-02-15',3,93,87,3,'',''),(17965,'2015-02-26',1,93,125,26,'',''),(17966,'2015-02-26',2,93,98,10,'',''),(17967,'2015-02-26',3,93,81,5,'',''),(17968,'2015-02-27',1,93,131,7,'',''),(17969,'2015-02-27',2,93,132,2,'',''),(17970,'2015-02-27',3,93,131,16,'','');
/*!40000 ALTER TABLE `schedule` ENABLE KEYS */;
UNLOCK TABLES;

--
-- Table structure for table `secondcourse`
--

DROP TABLE IF EXISTS `secondcourse`;
/*!40101 SET @saved_cs_client     = @@character_set_client */;
/*!40101 SET character_set_client = utf8 */;
CREATE TABLE `secondcourse` (
  `id` int(11) NOT NULL AUTO_INCREMENT,
  `name` varchar(128) DEFAULT NULL,
  `shortname` varchar(32) DEFAULT NULL,
  `firstcourseid` int(11) DEFAULT NULL,
  `description` varchar(256) DEFAULT NULL,
  `isalive` tinyint(1) DEFAULT '1',
  PRIMARY KEY (`id`),
  KEY `firstcourseid` (`firstcourseid`),
  CONSTRAINT `secondcourse_ibfk_1` FOREIGN KEY (`firstcourseid`) REFERENCES `firstcourse` (`id`)
) ENGINE=InnoDB AUTO_INCREMENT=211 DEFAULT CHARSET=utf8;
/*!40101 SET character_set_client = @saved_cs_client */;

--
-- Dumping data for table `secondcourse`
--

LOCK TABLES `secondcourse` WRITE;
/*!40000 ALTER TABLE `secondcourse` DISABLE KEYS */;
INSERT INTO `secondcourse` VALUES (0,'unknown','',0,'不能确定',1),(1,'5-6词汇基础+重点单词词组1','',1,' ',1),(2,'5-6词汇基础+重点单词词组2','',1,' ',1),(3,'SVA','',1,' ',1),(4,'SVB','',1,' ',1),(5,'SVC','',1,' ',1),(6,'5-6词汇点题1','',1,' ',1),(7,'5-6词汇点题2','',1,' ',1),(8,'5-6词汇点题总复习','',1,' ',1),(9,'听力基础1','',2,' ',1),(10,'听力基础2','',2,' ',1),(11,'SLA','',2,' ',1),(12,'SLB','',2,' ',1),(13,'SLC','',2,' ',1),(14,'SLD','',2,' ',1),(15,'听力点题+总复习1','',2,' ',1),(16,'听力点题+总复习2','',2,' ',1),(17,'口语基础1','',3,' ',1),(18,'口语基础2','',3,' ',1),(19,'口语SSA','',3,' ',1),(20,'口语SSB','',3,' ',1),(21,'口语SSC','',3,' ',1),(22,'口语SSD','',3,' ',1),(23,'口语新增+补充1','',3,' ',1),(24,'口语新增+补充2','',3,' ',1),(25,'口语总复习','',3,' ',1),(26,'AEAS5-6阅读基础+阅读方法技巧','',4,' ',1),(27,'SRA','',4,' ',1),(28,'SRB','',4,' ',1),(29,'SRC','',4,' ',1),(30,'SRD','',4,' ',1),(31,'5-6阅读点题','',4,' ',1),(32,'5-6阅读点题总复习1','',4,' ',1),(33,'5-6阅读点题总复习2','',4,' ',1),(34,'5-6阅读点题总复习3','',4,' ',1),(35,'写作基础+好词好句补充1','',5,' ',1),(36,'写作基础+好词好句补充2','',5,' ',1),(37,'写作描写文之写人1-1','',5,' ',1),(38,'写作描写文之写物2-1','',5,' ',1),(39,'写作描写文之写物2-2','',5,' ',1),(40,'写作描写文之写物2-3','',5,' ',1),(41,'写作描写文之写物2-4','',5,' ',1),(42,'记叙文3-1','',5,' ',1),(43,'议论文4-1','',5,' ',1),(44,'说明文5-1','',5,' ',1),(45,'写作新增+补充+写作总复习1','',5,' ',1),(46,'写作新增+补充+写作总复习2','',5,' ',1),(47,'数学词汇+逻辑基础1','',6,' ',1),(48,'数学词汇+逻辑基础2','',6,' ',1),(49,'SMA+逻辑','',6,' ',1),(50,'SMB+逻辑','',6,' ',1),(51,'SMC+逻辑','',6,' ',1),(52,'SMD+逻辑','',6,' ',1),(53,'数学点题+逻辑1','',6,' ',1),(54,'数学点题+逻辑2','',6,' ',1),(55,'终模1','',7,' ',1),(56,'终模1数学+作文+阅读分析','',7,' ',1),(57,'终模1词汇+口语+听力分析','',7,' ',1),(58,'终模2','',7,' ',1),(59,'终模2数学+作文+阅读分析','',7,' ',1),(60,'终模2词汇+口语+听力分析','',7,' ',1),(62,'冲刺口语+作文','',8,' ',1),(63,'冲刺阅读+词汇','',8,' ',1),(64,'听力+数学冲刺','',8,' ',1),(65,'语法基础1','',9,' ',1),(66,'语法基础2','',9,' ',1),(67,'语法基础3','',9,' ',1),(68,'语法基础4','',9,' ',1),(69,'音标-1+基本口语句型','',9,' ',1),(70,'音标-2+基本口语句型','',9,' ',1),(71,'音标-3+基本口语句型','',9,' ',1),(72,'班主任薄弱环节强化1','',10,' ',1),(73,'7-9重点单词词组1','',11,' ',1),(74,'7-9重点单词词组2','',11,' ',1),(75,'重点词汇复习+NVA','',11,' ',1),(76,'重点词汇复习+NVB','',11,' ',1),(77,'重点词汇复习+NVC','',11,' ',1),(78,'语法+NVD','',11,' ',1),(79,'词汇点题Old A + New A','',11,' ',1),(80,'词汇点题New B/C','',11,' ',1),(81,'词汇点题复习1','',11,' ',1),(82,'词汇点题复习2','',11,' ',1),(83,'NLA','',12,' ',1),(84,'NLB','',12,' ',1),(85,'NLC','',12,' ',1),(86,'NLD','',12,' ',1),(87,'听力总复习1','',12,' ',1),(88,'听力总复习2','',12,' ',1),(89,'口语分类一（1-2-3）+对应图片','',13,' ',1),(90,'口语分类一（4-5）+口语分类二-6+对应图片','',13,'     ',1),(91,'口语分类二（7-8-9）+对应图片','',13,'   ',1),(92,'口语分类三（10-11）+口语分类四-12+对应图片','',13,' ',1),(93,'口语分类四-13+口语分类五（14-15）+对应图片','',13,' ',1),(94,'口语分类五-16+口语分类六（17-18）+对应图片','',13,' ',1),(95,'口语分类六（19-20-21）+对应图片','',13,' ',1),(96,'口语新增+对应图片1','',13,' ',1),(97,'口语新增+对应图片2','',13,' ',1),(98,'口语总复习+图片练习','',13,' ',1),(99,'AEAS7-9阅读方法技巧+NRA','',14,' ',1),(100,'NRB','',14,' ',1),(101,'NRC','',14,' ',1),(102,'NRD','',14,' ',1),(103,'阅读点题Old A+NEW A','',14,' ',1),(104,'阅读点题New B/C','',14,' ',1),(105,'阅读点题总复习1','',14,' ',1),(106,'阅读点题总复习2','',14,' ',1),(107,'阅读点题总复习3','',14,' ',1),(108,'写作-议论文1-1','',15,' ',1),(109,'写作-议论文1-2','',15,' ',1),(110,'写作-议论文1-3','',15,' ',1),(111,'写作-写人-2-1','',15,' ',1),(112,'写作-写人-2-2','',15,' ',1),(113,'写作-写物-3-1','',15,' ',1),(114,'写作-写物-3-2','',15,' ',1),(115,'写作-写事-4-1','',15,' ',1),(116,'写作-写事-4-2','',15,' ',1),(117,'写作-写事-4-3','',15,' ',1),(118,'写作总复习+写作新增+补充','',15,' ',1),(119,'NMA+逻辑+7-9数学重点单词1','',16,' ',1),(120,'NMB+逻辑+7-9数学重点单词2','',16,' ',1),(121,'NMC+逻辑','',16,' ',1),(122,'NMD+逻辑','',16,' ',1),(123,'数学点题+逻辑1','',16,' ',1),(124,'数学点题+逻辑2','',16,' ',1),(125,'终模1','',17,' ',1),(126,'终模1数学+作文+阅读分析','',17,' ',1),(127,'终模1词汇+口语+听力分析','',17,' ',1),(128,'终模2','',17,' ',1),(129,'终模2数学+作文+阅读分析','',17,' ',1),(130,'终模2词汇+口语+听力分析','',17,' ',1),(131,'冲刺口语+作文','',18,' ',1),(132,'冲刺阅读+词汇','',18,' ',1),(133,'听力+数学冲刺','',18,' ',1),(134,'语法补差-从句','',19,' ',1),(135,'音标-1+基本口语句型','',19,' ',1),(136,'音标-2+基本口语句型','',19,' ',1),(137,'音标-3+基本口语句型','',19,' ',1),(138,'班主任薄弱环节强化1','',20,'   ',1),(139,'VA+L10-12重点单词词组1','',21,' ',1),(140,'VA+L10-12重点单词词组2','',21,' ',1),(141,'VC','',21,' ',1),(142,'VD','',21,' ',1),(143,'词汇点题A-D','',21,' ',1),(144,'词汇点题E-H','',21,' ',1),(145,'词汇点题总复习1','',21,' ',1),(146,'词汇点题总复习2','',21,' ',1),(147,'LA','',22,' ',1),(148,'LB','',22,' ',1),(149,'LC','',22,' ',1),(150,'LD','',22,' ',1),(151,'LE','',22,' ',1),(152,'听力点题1','',22,' ',1),(153,'听力点题2','',22,' ',1),(154,'听力总复习1','',22,' ',1),(155,'听力总复习2','',22,' ',1),(156,'口语分类1','',23,' ',1),(157,'口语分类2','',23,' ',1),(158,'口语分类3','',23,' ',1),(159,'口语分类4','',23,' ',1),(160,'口语分类5','',23,' ',1),(161,'口语分类6','',23,' ',1),(162,'口语分类7','',23,' ',1),(163,'口语分类8','',23,' ',1),(164,'口语分类9','',23,' ',1),(165,'口语新增+总复习1','',23,' ',1),(166,'口语新增+总复习2','',23,' ',1),(167,'AEAS10-12阅读方法技巧+RA','',24,' ',1),(168,'RB','',24,' ',1),(169,'RC','',24,' ',1),(170,'RD','',24,' ',1),(171,'阅读点题A/B','',24,' ',1),(172,'阅读点题C/D','',24,' ',1),(173,'阅读点题E/F','',24,' ',1),(174,'阅读点题G/H','',24,' ',1),(175,'阅读点题总复习1','',24,' ',1),(176,'阅读点题总复习2','',24,' ',1),(177,'写作分类1-1','',25,' ',1),(178,'写作分类1-2','',25,' ',1),(179,'写作分类2-1','',25,' ',1),(180,'写作分类2-2','',25,' ',1),(181,'写作分类3-1','',25,' ',1),(182,'写作分类3-2','',25,' ',1),(183,'写作分类4-1','',25,' ',1),(184,'写作分类4-2','',25,' ',1),(185,'写作分类4-3','',25,' ',1),(186,'写作分类5-1','',25,' ',1),(187,'写作分类5-2','',25,' ',1),(188,'写作分类5-3','',25,' ',1),(189,'写作新增+补充+总复习1','',25,' ',1),(190,'写作新增+补充+总复习2','',25,' ',1),(191,'MA+逻辑+数学重点单词1','',26,' ',1),(192,'MB+逻辑+数学重点单词2','',26,'   ',1),(193,'MC+逻辑','',26,' ',1),(194,'MD+逻辑','',26,' ',1),(195,'数学点题+逻辑1','',26,' ',1),(196,'数学点题+逻辑2','',26,' ',1),(197,'终模1','',27,' ',1),(198,'终模1数学+作文+阅读分析','',27,' ',1),(199,'终模1词汇+口语+听力分析','',27,' ',1),(200,'终模2','',27,' ',1),(201,'终模2数学+作文+阅读分析','',27,' ',1),(202,'终模2词汇+口语+听力分析','',27,' ',1),(203,'冲刺口语+作文','',28,' ',1),(204,'冲刺阅读+词汇','',28,' ',1),(205,'听力+数学冲刺','',28,' ',1),(206,'语法补差-从句','',29,' ',1),(207,'音标-1+基本口语句型','',29,' ',1),(208,'音标-2+基本口语句型','',29,' ',1),(209,'音标-3+基本口语句型','',29,' ',1),(210,'班主任薄弱环节强化1','',30,' ',1);
/*!40000 ALTER TABLE `secondcourse` ENABLE KEYS */;
UNLOCK TABLES;

--
-- Table structure for table `student`
--

DROP TABLE IF EXISTS `student`;
/*!40101 SET @saved_cs_client     = @@character_set_client */;
/*!40101 SET character_set_client = utf8 */;
CREATE TABLE `student` (
  `id` int(11) NOT NULL AUTO_INCREMENT,
  `name` varchar(128) DEFAULT NULL,
  `shortname` varchar(32) DEFAULT '',
  `grade` int(11) DEFAULT NULL,
  `testscore` varchar(128) DEFAULT NULL,
  `targetscore` varchar(128) DEFAULT '',
  `examinedate` date DEFAULT NULL,
  `examineplace` varchar(128) DEFAULT NULL,
  `teacherid` int(11) DEFAULT NULL,
  `description` varchar(256) DEFAULT NULL,
  `isalive` tinyint(1) DEFAULT '1',
  PRIMARY KEY (`id`)
) ENGINE=InnoDB AUTO_INCREMENT=94 DEFAULT CHARSET=utf8;
/*!40101 SET character_set_client = @saved_cs_client */;

--
-- Dumping data for table `student`
--

LOCK TABLES `student` WRITE;
/*!40000 ALTER TABLE `student` DISABLE KEYS */;
INSERT INTO `student` VALUES (59,'蒋泞宁','null',2,'','','1990-05-09','',2,'  ',0),(60,'栾梦菲','null',3,'39-40分','60+','2014-09-13','上海',4,'  ',NULL),(62,'陈敏轩','V',3,'30分','50','2014-10-11','上海',16,'  ',NULL),(63,'吕宸','V',3,'47-50分','','2014-10-25','上海',16,'  ',NULL),(66,'唐宇杰','null',3,'29-30分','45+','2014-10-11','上海',14,'  ',NULL),(70,'尤若兰','null',3,'25分','45+','2014-12-13','上海',16,'',1),(71,'陶润恺','null',0,'null','null',NULL,'',0,'',1),(72,'Vivian','null',3,'36分','50+','2014-12-13','上海',4,'',1),(73,'樊乐炎','null',3,'26分','46+','2014-10-25','上海',2,'',1),(74,'傅泽帅','null',3,'20分','45+','2014-11-22','上海',16,'',1),(76,'张萱','null',3,'42分','','2014-10-25','上海',7,'',1),(77,'杨笑萱','null',3,'40分','60+','2014-09-13','上海',4,'',1),(78,'秦蓁蓁','null',3,'44分','提高10以上','2014-11-22','上海',16,'',1),(79,'林之涵','null',1,'38分','58+','2014-12-13','上海',14,'',1),(80,'周晓轩','null',2,'37分','','2014-10-25','上海',16,'',1),(81,'楼傲清','null',2,'30分','50','2015-01-17','上海',16,'',1),(82,'陈宇豪','null',2,'27-29','50+','2015-01-17','上海',7,'',1),(83,'吴林文卓','null',0,'null','null',NULL,'',0,'',1),(84,'周佳漪','null',2,'25-27分','50+','2014-10-25','上海',7,'',1),(85,'徐慕菲/戴睿彤','null',0,'null','null',NULL,'',0,'',1),(86,'杨弘毅','null',2,'24分','null','2014-10-25','上海',33,'',1),(87,'王亦徐','null',2,'22-23分','null','2014-11-22','上海',7,'',1),(88,'陈思汝','null',2,'25分','45+','2015-01-17','上海',14,'',1),(89,'龚誉','null',2,'26分','','2014-10-25','上海',16,'',1),(90,'崔毓闻','null',2,'24分','50','2014-11-22','上海',33,'',1),(91,'俞欣明','null',2,'25分','null','2014-10-25','上海',7,'',1),(92,'吴震岳','null',2,'19','45','2014-12-27','上海',5,'',1),(93,'杨嘉盛','null',2,'15分','36+','2015-02-28','上海',5,'',1);
/*!40000 ALTER TABLE `student` ENABLE KEYS */;
UNLOCK TABLES;

--
-- Table structure for table `teacher`
--

DROP TABLE IF EXISTS `teacher`;
/*!40101 SET @saved_cs_client     = @@character_set_client */;
/*!40101 SET character_set_client = utf8 */;
CREATE TABLE `teacher` (
  `id` int(11) NOT NULL AUTO_INCREMENT,
  `name` varchar(128) DEFAULT NULL,
  `shortname` varchar(32) DEFAULT NULL,
  `phone` varchar(32) DEFAULT NULL,
  `ismaster` tinyint(1) DEFAULT NULL,
  `isalive` tinyint(1) DEFAULT '1',
  PRIMARY KEY (`id`)
) ENGINE=InnoDB AUTO_INCREMENT=37 DEFAULT CHARSET=utf8;
/*!40101 SET character_set_client = @saved_cs_client */;

--
-- Dumping data for table `teacher`
--

LOCK TABLES `teacher` WRITE;
/*!40000 ALTER TABLE `teacher` DISABLE KEYS */;
INSERT INTO `teacher` VALUES (2,'罗海英','罗','15618269090',1,1),(3,'温倩','温','13482263654',0,1),(4,'金宵雯','金','13917160923',1,1),(5,'陶  爽','陶','13564163458',1,1),(6,'叶秀乾','乾','',1,1),(7,'史佳波','史','',1,1),(8,'卞小义','义','',0,1),(9,'刘珊珊','刘','',0,1),(10,'段兵兵','段','',0,1),(11,'冯汝萍','冯','',0,1),(12,'汤一舟','汤','',0,1),(13,'曹雅','曹','',0,1),(14,'叶枝','枝','18721194321',1,1),(15,'王静','静','',0,1),(16,'奚潇杰','奚','13774253007',1,1),(17,'毛繁华','毛','',0,1),(18,'靳兰兰','靳','',0,1),(19,'李园园','李','',0,1),(20,'姚照','姚','',0,1),(21,'林琪萍','林','',0,1),(22,'张婕','婕','',0,1),(23,'陈静','陈','',0,1),(24,'洋监考','洋','',0,1),(25,'Nina','Nina','',0,1),(26,'黄监考','黄','',0,1),(27,'Vera','Vera','',0,1),(29,'吴监考','吴','',0,1),(30,'Grace','Grace','',0,1),(31,'沈','沈','',0,1),(34,'王','亦徐','',0,1),(36,'Felix','Felix','',0,1);
/*!40000 ALTER TABLE `teacher` ENABLE KEYS */;
UNLOCK TABLES;

--
-- Table structure for table `teacherability`
--

DROP TABLE IF EXISTS `teacherability`;
/*!40101 SET @saved_cs_client     = @@character_set_client */;
/*!40101 SET character_set_client = utf8 */;
CREATE TABLE `teacherability` (
  `id` int(11) NOT NULL AUTO_INCREMENT,
  `teacherid` int(11) DEFAULT NULL,
  `courseid` int(11) DEFAULT NULL,
  PRIMARY KEY (`id`),
  KEY `teacherid` (`teacherid`),
  KEY `courseid` (`courseid`),
  CONSTRAINT `teacherability_ibfk_1` FOREIGN KEY (`teacherid`) REFERENCES `teacher` (`id`),
  CONSTRAINT `teacherability_ibfk_2` FOREIGN KEY (`courseid`) REFERENCES `firstcourse` (`id`)
) ENGINE=InnoDB AUTO_INCREMENT=292 DEFAULT CHARSET=utf8;
/*!40101 SET character_set_client = @saved_cs_client */;

--
-- Dumping data for table `teacherability`
--

LOCK TABLES `teacherability` WRITE;
/*!40000 ALTER TABLE `teacherability` DISABLE KEYS */;
INSERT INTO `teacherability` VALUES (33,4,21),(34,4,24),(35,4,27),(36,4,30),(37,4,11),(38,4,14),(39,4,17),(40,4,20),(41,4,1),(42,4,4),(43,4,7),(44,4,10),(45,2,4),(46,2,1),(47,2,2),(48,2,7),(49,2,10),(50,2,11),(51,2,12),(52,2,17),(53,2,14),(54,2,20),(55,2,21),(56,2,27),(57,2,22),(58,2,24),(59,2,30),(60,3,21),(61,3,22),(62,3,27),(63,3,28),(64,3,30),(65,3,11),(66,3,12),(67,3,17),(68,3,18),(69,3,20),(70,3,1),(71,3,7),(72,3,8),(73,3,2),(74,3,10),(75,5,21),(76,5,24),(77,5,26),(78,5,27),(79,5,30),(80,5,11),(81,5,14),(82,5,16),(83,5,17),(84,5,20),(85,5,1),(86,5,4),(87,5,6),(88,5,7),(89,5,10),(90,6,21),(91,6,23),(92,6,27),(93,6,11),(94,6,13),(95,6,17),(96,6,1),(97,6,3),(98,6,7),(99,7,23),(100,7,25),(101,7,27),(102,7,28),(103,7,30),(104,7,13),(105,7,15),(106,7,17),(107,7,18),(108,7,20),(109,7,3),(110,7,5),(111,7,7),(112,7,8),(113,7,10),(114,8,24),(115,8,25),(116,8,27),(117,8,14),(118,8,15),(119,8,17),(120,8,4),(121,8,5),(122,8,7),(123,9,21),(124,9,24),(125,9,25),(126,9,27),(127,9,11),(128,9,14),(129,9,15),(130,9,17),(131,9,1),(132,9,4),(133,9,5),(134,9,7),(135,10,23),(136,10,25),(137,10,27),(138,10,13),(139,10,15),(140,10,17),(141,10,3),(142,10,5),(143,10,7),(144,11,22),(145,11,23),(146,11,25),(147,11,27),(148,11,12),(149,11,13),(150,11,15),(151,11,17),(152,11,2),(153,11,3),(154,11,5),(155,11,7),(156,12,22),(157,12,23),(158,12,25),(159,12,27),(160,12,12),(161,12,13),(162,12,15),(163,12,17),(164,12,2),(165,12,3),(166,12,5),(167,12,7),(168,13,22),(169,13,23),(170,13,25),(171,13,27),(172,13,12),(173,13,13),(174,13,15),(175,13,17),(176,13,2),(177,13,3),(178,13,5),(179,13,7),(180,14,22),(181,14,23),(182,14,25),(183,14,27),(184,14,30),(185,14,12),(186,14,13),(187,14,15),(188,14,17),(189,14,20),(190,14,2),(191,14,3),(192,14,5),(193,14,7),(194,14,10),(195,15,22),(196,15,23),(197,15,27),(198,15,12),(199,15,13),(200,15,17),(201,15,2),(202,15,3),(203,15,7),(204,16,4),(205,16,6),(206,16,7),(207,16,10),(208,16,14),(209,16,16),(210,16,17),(211,16,20),(212,16,24),(213,16,26),(214,16,27),(215,16,30),(216,17,26),(217,17,16),(218,17,6),(219,23,21),(220,23,24),(221,23,27),(222,23,11),(223,23,14),(224,23,17),(225,23,1),(226,23,4),(227,23,7),(228,19,26),(229,19,27),(230,19,16),(231,19,17),(232,19,6),(233,19,7),(238,20,21),(239,20,24),(240,20,27),(241,20,29),(242,20,11),(243,20,14),(244,20,17),(245,20,19),(246,20,1),(247,20,4),(248,20,7),(249,20,9),(250,21,21),(251,21,22),(252,21,23),(253,21,24),(254,21,25),(255,21,27),(256,21,28),(257,21,29),(258,21,11),(259,21,12),(260,21,13),(261,21,14),(262,21,15),(263,21,17),(264,21,18),(265,21,19),(266,21,1),(267,21,2),(268,21,3),(269,21,4),(270,21,5),(271,21,7),(272,21,8),(273,21,9),(277,27,25),(278,27,15),(279,27,5),(280,24,27),(281,24,17),(282,24,7),(283,26,27),(284,26,17),(285,26,7),(286,22,23),(287,22,25),(288,22,13),(289,22,15),(290,22,3),(291,22,5);
/*!40000 ALTER TABLE `teacherability` ENABLE KEYS */;
UNLOCK TABLES;

--
-- Table structure for table `teacherdefaultholiday`
--

DROP TABLE IF EXISTS `teacherdefaultholiday`;
/*!40101 SET @saved_cs_client     = @@character_set_client */;
/*!40101 SET character_set_client = utf8 */;
CREATE TABLE `teacherdefaultholiday` (
  `id` int(11) NOT NULL AUTO_INCREMENT,
  `teacherid` int(11) DEFAULT NULL,
  `week1` tinyint(1) DEFAULT '0',
  `week2` tinyint(1) DEFAULT '0',
  `week3` tinyint(1) DEFAULT '0',
  `week4` tinyint(1) DEFAULT '0',
  `week5` tinyint(1) DEFAULT '0',
  `week6` tinyint(1) DEFAULT '0',
  `week7` tinyint(1) DEFAULT '0',
  PRIMARY KEY (`id`),
  KEY `teacherid` (`teacherid`),
  CONSTRAINT `teacherdefaultholiday_ibfk_1` FOREIGN KEY (`teacherid`) REFERENCES `teacher` (`id`)
) ENGINE=InnoDB AUTO_INCREMENT=33 DEFAULT CHARSET=utf8;
/*!40101 SET character_set_client = @saved_cs_client */;

--
-- Dumping data for table `teacherdefaultholiday`
--

LOCK TABLES `teacherdefaultholiday` WRITE;
/*!40000 ALTER TABLE `teacherdefaultholiday` DISABLE KEYS */;
INSERT INTO `teacherdefaultholiday` VALUES (3,3,1,0,1,0,0,0,0),(4,4,0,0,1,0,0,0,1),(5,5,1,1,0,0,0,0,0),(6,6,0,1,0,0,1,0,0),(7,7,1,1,0,0,0,0,0),(8,8,0,1,1,0,0,0,0),(9,9,0,0,0,1,1,0,0),(10,10,0,1,0,0,1,0,0),(11,11,1,0,0,1,0,0,0),(12,12,0,0,1,0,1,0,0),(13,13,0,0,1,1,0,0,0),(14,14,0,0,1,1,0,0,0),(15,15,0,1,0,0,1,0,0),(16,16,1,1,0,0,0,0,0),(17,17,0,0,1,1,0,0,0),(18,18,0,0,0,1,1,0,0),(19,19,1,0,0,0,1,0,0),(20,20,0,0,0,0,0,0,0),(21,21,0,0,0,0,0,0,0),(22,22,0,0,0,0,0,0,0),(23,23,0,0,0,0,0,0,0),(24,24,0,0,0,0,0,0,0),(25,25,0,0,0,0,0,0,0),(26,26,0,0,0,0,0,0,0),(27,27,0,0,0,0,0,0,0),(28,29,0,0,0,0,0,0,0),(29,30,0,0,0,0,0,0,0),(30,31,0,0,0,0,0,0,0),(31,34,0,0,0,0,0,0,0),(32,36,0,0,0,0,0,0,0);
/*!40000 ALTER TABLE `teacherdefaultholiday` ENABLE KEYS */;
UNLOCK TABLES;

--
-- Table structure for table `teacherholiday`
--

DROP TABLE IF EXISTS `teacherholiday`;
/*!40101 SET @saved_cs_client     = @@character_set_client */;
/*!40101 SET character_set_client = utf8 */;
CREATE TABLE `teacherholiday` (
  `id` int(11) NOT NULL AUTO_INCREMENT,
  `teacherid` int(11) DEFAULT NULL,
  `adjustdate` date DEFAULT NULL,
  `isholiday` tinyint(1) DEFAULT '0',
  PRIMARY KEY (`id`),
  KEY `teacherid` (`teacherid`),
  CONSTRAINT `teacherholiday_ibfk_1` FOREIGN KEY (`teacherid`) REFERENCES `teacher` (`id`)
) ENGINE=InnoDB AUTO_INCREMENT=48 DEFAULT CHARSET=utf8;
/*!40101 SET character_set_client = @saved_cs_client */;

--
-- Dumping data for table `teacherholiday`
--

LOCK TABLES `teacherholiday` WRITE;
/*!40000 ALTER TABLE `teacherholiday` DISABLE KEYS */;
INSERT INTO `teacherholiday` VALUES (34,NULL,'3889-08-23',1),(35,NULL,'3889-08-23',1),(36,NULL,'3889-08-23',1),(37,NULL,'3889-08-23',1),(38,NULL,'3889-08-23',1),(39,NULL,'3889-08-23',1),(40,NULL,'3889-08-23',1),(41,NULL,'3889-08-23',1),(42,NULL,'3889-08-23',1),(43,NULL,'3889-08-23',1),(44,NULL,'3889-08-23',1),(45,NULL,'3889-08-23',1),(46,NULL,'3889-08-23',1),(47,NULL,'3889-08-23',1);
/*!40000 ALTER TABLE `teacherholiday` ENABLE KEYS */;
UNLOCK TABLES;

--
-- Table structure for table `user`
--

DROP TABLE IF EXISTS `user`;
/*!40101 SET @saved_cs_client     = @@character_set_client */;
/*!40101 SET character_set_client = utf8 */;
CREATE TABLE `user` (
  `id` int(11) NOT NULL AUTO_INCREMENT,
  `name` varchar(64) NOT NULL,
  `password` varchar(64) NOT NULL,
  `email` varchar(64) NOT NULL,
  `qq` varchar(64) default NULL,
  `phone` varchar(64) DEFAULT NULL,
  `description` varchar(256) DEFAULT NULL,
  PRIMARY KEY (`id`),
  UNIQUE KEY `name` (`name`)
) ENGINE=InnoDB AUTO_INCREMENT=43 DEFAULT CHARSET=utf8;
/*!40101 SET character_set_client = @saved_cs_client */;

--
-- Dumping data for table `user`
--

LOCK TABLES `user` WRITE;
/*!40000 ALTER TABLE `user` DISABLE KEYS */;
INSERT INTO `user` VALUES (42,'test','*94BDCEBE19083CE2A1F959FD02F964C7AF4CFC29','longlai.li@gmail.com',NULL,'this is the test case for first course');
/*!40000 ALTER TABLE `user` ENABLE KEYS */;
UNLOCK TABLES;
/*!40103 SET TIME_ZONE=@OLD_TIME_ZONE */;

/*!40101 SET SQL_MODE=@OLD_SQL_MODE */;
/*!40014 SET FOREIGN_KEY_CHECKS=@OLD_FOREIGN_KEY_CHECKS */;
/*!40014 SET UNIQUE_CHECKS=@OLD_UNIQUE_CHECKS */;
/*!40101 SET CHARACTER_SET_CLIENT=@OLD_CHARACTER_SET_CLIENT */;
/*!40101 SET CHARACTER_SET_RESULTS=@OLD_CHARACTER_SET_RESULTS */;
/*!40101 SET COLLATION_CONNECTION=@OLD_COLLATION_CONNECTION */;
/*!40111 SET SQL_NOTES=@OLD_SQL_NOTES */;

-- Dump completed on 2015-06-20 18:58:55
